id,value,name,isParent
5047,611000,商洛市本级,False
5051,611002,商州区,False
5055,611021,洛南县,False
5059,611022,丹凤县,False
5063,611023,商南县,False
5067,611024,山阳县,False
5071,611025,镇安县,False
5075,611026,柞水县,False
7214,533300,怒江傈僳族自治州本级,False
4395,533321,泸水县,False
4397,533323,福贡县,False
4399,533324,贡山独龙族怒族自治县,False
4401,533325,兰坪白族普米族自治县,False
7212,533100,德宏傣族景颇族自治州本级,False
4384,533102,瑞丽市,False
4386,533103,潞西市,False
4388,533122,梁河县,False
4390,533123,盈江县,False
4392,533124,陇川县,False
7216,533400,迪庆藏族自治州本级,False
4404,533421,香格里拉县,False
4406,533422,德钦县,False
4408,533423,维西傈僳族自治县,False
7198,659000,自治区直辖县级行政单位本级,False
6239,659001,石河子市,False
6244,659002,阿拉尔市,False
6248,659003,图木舒克市,False
6252,659004,五家渠市,False
7210,623000,甘南藏族自治州本级,False
5476,623001,合作市,False
5480,623021,临潭县,False
5484,623022,卓尼县,False
5488,623023,舟曲县,False
5492,623024,迭部县,False
5496,623025,玛曲县,False
5500,623026,碌曲县,False
5504,623027,夏河县,False
5802,640500,中卫市本级,False
5806,640502,沙坡头区,False
5810,640521,中宁县,False
5814,640522,海原县,False
7236,632800,海西蒙古族藏族自治州本级,False
5682,632801,格尔木市,False
5685,632802,德令哈市,False
5689,632821,乌兰县,False
5693,632822,都兰县,False
5697,632823,天峻县,False
3354,451400,崇左市本级,False
3356,451402,江洲区,False
3358,451421,扶绥县,False
3360,451422,宁明县,False
3362,451423,龙州县,False
3364,451424,大新县,False
3366,451425,天等县,False
3368,451481,凭祥市,False
7258,513400,凉山彝族自治州本级,False
3893,513401,西昌市,False
3895,513422,木里藏族自治县,False
3897,513423,盐源县,False
3899,513424,德昌县,False
3901,513425,会理县,False
3903,513426,会东县,False
3905,513427,宁南县,False
3907,513428,普格县,False
3909,513429,布拖县,False
3911,513430,金阳县,False
3314,451200,河池市本级,False
3316,451202,金城江区,False
3318,451221,南丹县,False
3320,451222,天峨县,False
3322,451223,凤山县,False
3324,451224,东兰县,False
3326,451225,罗城仫佬族自治县,False
3328,451226,环江毛南族自治县,False
3330,451227,巴马瑶族自治县,False
3332,451228,都安瑶族自治县,False
3334,451229,大化瑶族自治县,False
3336,451281,宜州市,False
3276,451000,百色市本级,False
3278,451002,右江区,False
3280,451021,田阳县,False
3282,451022,田东县,False
3284,451023,平果县,False
3286,451024,德保县,False
3288,451025,靖西县,False
3290,451026,那坡县,False
3292,451027,凌云县,False
3294,451028,乐业县,False
3339,451300,来宾市本级,False
3341,451302,兴宾区,False
3343,451321,忻城县,False
3345,451322,象州县,False
3347,451323,武宣县,False
3349,451324,金秀瑶族自治县,False
3351,451381,合山市,False
3303,451100,贺州市本级,False
3305,451102,八步区,False
3307,451121,昭平县,False
3309,451122,钟山县,False
3311,451123,富川瑶族自治县,False
2257,411700,驻马店市本级,False
2259,411702,驿城区,False
2261,411721,西平县,False
2263,411722,上蔡县,False
2265,411723,平舆县,False
2267,411724,正阳县,False
2269,411725,确山县,False
2271,411726,泌阳县,False
2273,411727,汝南县,False
2275,411728,遂平县,False
2277,411729,新蔡县,False
3913,513431,昭觉县,False
3915,513432,喜德县,False
3917,513433,冕宁县,False
3919,513434,越西县,False
3921,513435,甘洛县,False
3923,513436,美姑县,False
3925,513437,雷波县,False
1872,371600,滨州市本级,False
1874,371602,滨城区,False
1876,371621,惠民县,False
1878,371622,阳信县,False
1880,371623,无棣县,False
1882,371624,沾化县,False
1884,371625,博兴县,False
1886,371626,邹平县,False
1853,371500,聊城市本级,False
1855,371502,东昌府区,False
1857,371521,阳谷县,False
1859,371522,莘县,False
1861,371523,茌平县,False
1863,371524,东阿县,False
1865,371525,冠县,False
1867,371526,高唐县,False
1869,371581,临清市,False
7262,429000,省直辖县级行政单位本级,False
2514,429004,仙桃市,False
2516,429005,潜江市,False
2518,429006,天门市,False
2520,429021,神农架林区,False
7222,433100,湘西土家族苗族自治州本级,False
2791,433101,吉首市,False
2793,433122,泸溪县,False
2795,433123,凤凰县,False
2797,433124,花垣县,False
2799,433125,保靖县,False
2801,433126,古丈县,False
2803,433127,永顺县,False
2805,433130,龙山县,False
2778,431300,娄底市本级,False
2780,431302,娄星区,False
2782,431321,双峰县,False
2784,431322,新化县,False
2786,431381,冷水江市,False
2788,431382,涟源市,False
1889,371700,菏泽市本级,False
1891,371702,牡丹区,False
1893,371721,曹县,False
1895,371722,单县,False
1897,371723,成武县,False
1899,371724,巨野县,False
1901,371725,郓城县,False
1903,371726,鄄城县,False
1905,371727,定陶县,False
1907,371728,东明县,False
3296,451029,田林县,False
3298,451030,西林县,False
3300,451031,隆林各族自治县,False
1828,371400,德州市本级,False
1830,371402,德城区,False
1832,371421,陵县,False
1834,371422,宁津县,False
1836,371423,庆云县,False
1838,371424,临邑县,False
1840,371425,齐河县,False
1842,371426,平原县,False
1844,371427,夏津县,False
1846,371428,武城县,False
1848,371481,乐陵市,False
1850,371482,禹城市,False
1801,371300,临沂市本级,False
1803,371302,兰山区,False
1805,371311,罗庄区,False
1807,371312,河东区,False
1809,371321,沂南县,False
1811,371322,郯城县,False
1813,371323,沂水县,False
1815,371324,苍山县,False
1817,371325,费县,False
1819,371326,平邑县,False
1821,371327,莒南县,False
1823,371328,蒙阴县,False
1825,371329,临沭县,False
1551,361100,上饶市本级,False
1553,361102,信州区,False
1555,361121,上饶县,False
1557,361122,广丰县,False
1559,361123,玉山县,False
1561,361124,铅山县,False
1563,361125,横峰县,False
1565,361126,弋阳县,False
1567,361127,余干县,False
1569,361128,鄱阳县,False
1571,361129,万年县,False
1573,361130,婺源县,False
1575,361181,德兴市,False
1503,360900,宜春市本级,False
1505,360902,袁州区,False
1507,360921,奉新县,False
1509,360922,万载县,False
1511,360923,上高县,False
1513,360924,宜丰县,False
1515,360925,靖安县,False
1517,360926,铜鼓县,False
1519,360981,丰城市,False
1521,360982,樟树市,False
7266,469000,省直辖县级行政单位本级,False
3386,469001,五指山市,False
3388,469002,琼海市,False
3390,469003,儋州市,False
3392,469005,文昌市,False
3394,469006,万宁市,False
3396,469007,东方市,False
3398,469021,定安县,False
3400,469022,屯昌县,False
3402,469023,澄迈县,False
1131,341800,宣城市本级,False
1133,341802,宣州区,False
1135,341821,郎溪县,False
1137,341822,广德县,False
1139,341823,泾县,False
1141,341824,绩溪县,False
1143,341825,旌德县,False
1145,341881,宁国市,False
1120,341700,池州市本级,False
1122,341702,贵池区,False
1124,341721,东至县,False
1126,341722,石台县,False
1128,341723,青阳县,False
7956,239400,五大连池风景名胜区,False
7958,239300,友谊国土资源局,False
1526,361000,抚州市本级,False
1528,361002,临川区,False
1530,361021,南城县,False
1532,361022,黎川县,False
1534,361023,南丰县,False
1536,361024,崇仁县,False
1538,361025,乐安县,False
1540,361026,宜黄县,False
1542,361027,金溪县,False
1544,361028,资溪县,False
1546,361029,东乡县,False
1548,361030,广昌县,False
1523,360983,高安市,False
3404,469024,临高县,False
3406,469025,白沙黎族自治县,False
3408,469026,昌江黎族自治县,False
3410,469027,乐东黎族自治县,False
3412,469028,陵水黎族自治县,False
3414,469029,保亭黎族苗族自治县,False
3416,469030,琼中黎族苗族自治县,False
3418,469031,西沙群岛,False
3420,469032,南沙群岛,False
3422,469033,中沙群岛的岛礁及其海域,False
7960,239201,国土资源局,False
7961,239202,松花江分局,False
7962,239203,牡丹江分局,False
7963,239204,合江分局,False
7941,239101,宝泉岭分局,False
7943,239102,国土资源局,False
7944,239103,红兴隆分局,False
7945,239104,建三江分局,False
7946,239105,牡丹江分局,False
7947,239106,北安分局,False
7948,239107,九三分局,False
7949,239108,齐齐哈尔分局,False
7950,239109,绥化分局,False
7951,239110,哈尔滨分局,False
7952,239111,直属佳南分局,False
7264,232700,大兴安岭地区本级,False
364,232701,加格达奇区,False
366,232702,松岭区,False
368,232703,新林区,False
370,232704,呼中区,False
372,232721,呼玛县,False
374,232722,塔河县,False
376,232723,漠河县,False
341,231200,绥化市本级,False
343,231202,北林区,False
345,231221,望奎县,False
347,231222,兰西县,False
349,231223,青冈县,False
351,231224,庆安县,False
353,231225,明水县,False
355,231226,绥棱县,False
357,231281,安达市,False
359,231282,肇东市,False
361,231283,海伦市,False
326,231100,黑河市本级,False
328,231102,爱辉区,False
330,231121,嫩江县,False
332,231123,逊克县,False
334,231124,孙吴县,False
336,231181,北安市,False
338,231182,五大连池市,False
417,310230,崇明县,False
303,231000,牡丹江市本级,False
305,231002,东安区,False
307,231003,阳明区,False
309,231004,爱民区,False
311,231005,西安区,False
313,231024,东宁县,False
315,231025,林口县,False
317,231081,绥芬河市,False
319,231083,海林市,False
321,231084,宁安市,False
323,231085,穆棱市,False
7130,310100,上海市本级,False
380,310101,黄浦区,False
382,310103,卢湾区,False
384,310104,徐汇区,False
386,310105,长宁区,False
388,310106,静安区,False
390,310107,普陀区,False
392,310108,闸北区,False
394,310109,虹口区,False
396,310110,杨浦区,False
398,310112,闵行区,False
400,310113,宝山区,False
402,310114,嘉定区,False
404,310115,浦东新区,False
406,310116,金山区,False
408,310117,松江区,False
410,310118,青浦区,False
412,310119,南汇区,False
414,310120,奉贤区,False
192,230500,双鸭山市本级,False
194,230502,尖山区,False
196,230503,岭东区,False
198,230505,四方台区,False
200,230506,宝山区,False
202,230521,集贤县,False
204,230522,友谊县,False
206,230523,宝清县,False
208,230524,饶河县,False
269,230800,佳木斯市本级,False
271,230803,向阳区,False
273,230804,前进区,False
275,230805,东风区,False
277,230811,郊区,False
279,230822,桦南县,False
281,230826,桦川县,False
283,230828,汤原县,False
285,230833,抚远县,False
287,230881,同江市,False
289,230882,富锦市,False
292,230900,七台河市本级,False
294,230902,新兴区,False
296,230903,桃山区,False
298,230904,茄子河区,False
300,230921,勃利县,False
211,230600,大庆市本级,False
213,230602,萨尔图区,False
215,230603,龙凤区,False
217,230604,让胡路区,False
219,230605,红岗区,False
221,230606,大同区,False
223,230621,肇州县,False
225,230622,肇源县,False
227,230623,林甸县,False
229,230624,杜尔伯特蒙古族自治县,False
232,230700,伊春市本级,False
234,230702,伊春区,False
236,230703,南岔区,False
238,230704,友好区,False
240,230705,西林区,False
242,230706,翠峦区,False
244,230707,新青区,False
246,230708,美溪区,False
248,230709,金山屯区,False
250,230710,五营区,False
252,230711,乌马河区,False
254,230712,汤旺河区,False
256,230713,带岭区,False
258,230714,乌伊岭区,False
260,230715,红星区,False
262,230716,上甘岭区,False
264,230722,嘉荫县,False
266,230781,铁力市,False
152,230300,鸡西市本级,False
154,230302,鸡冠区,False
156,230303,恒山区,False
158,230304,滴道区,False
160,230305,梨树区,False
162,230306,城子河区,False
164,230307,麻山区,False
166,230321,鸡东县,False
168,230381,虎林市,False
170,230382,密山市,False
173,230400,鹤岗市本级,False
175,230402,向阳区,False
177,230403,工农区,False
179,230404,南山区,False
181,230405,兴安区,False
183,230406,东山区,False
185,230407,兴山区,False
187,230421,萝北县,False
189,230422,绥滨县,False
117,230200,齐齐哈尔市本级,False
119,230202,龙沙区,False
121,230203,建华区,False
123,230204,铁锋区,False
125,230205,昂昂溪区,False
127,230206,富拉尔基区,False
129,230207,碾子山区,False
131,230208,梅里斯达斡尔族区,False
133,230221,龙江县,False
135,230223,依安县,False
137,230224,泰来县,False
139,230225,甘南县,False
141,230227,富裕县,False
143,230229,克山县,False
145,230230,克东县,False
147,230231,拜泉县,False
149,230281,讷河市,False
659,321300,宿迁市本级,False
661,321302,宿城区,False
663,321311,宿豫区,False
665,321322,沭阳县,False
667,321323,泗阳县,False
669,321324,泗洪县,False
644,321200,泰州市本级,False
646,321202,海陵区,False
648,321203,高港区,False
650,321281,兴化市,False
652,321282,靖江市,False
654,321283,泰兴市,False
656,321284,姜堰市,False
78,230100,哈尔滨市本级,False
80,230102,道里区,False
82,230103,南岗区,False
84,230104,道外区,False
86,230108,平房区,False
88,230109,松北区,False
90,230110,香坊区,False
92,230111,呼兰区,False
94,230112,阿城区,False
96,230123,依兰县,False
98,230124,方正县,False
100,230125,宾县,False
102,230126,巴彦县,False
104,230127,木兰县,False
106,230128,通河县,False
108,230129,延寿县,False
110,230182,双城市,False
112,230183,尚志市,False
114,230184,五常市,False
629,321100,镇江市本级,False
631,321102,京口区,False
633,321111,润州区,False
635,321112,丹徒区,False
637,321181,丹阳市,False
639,321182,扬中市,False
641,321183,句容市,False
612,321000,扬州市本级,False
614,321002,广陵区,False
616,321003,邗江区,False
618,321011,维扬区,False
620,321023,宝应县,False
622,321081,仪征市,False
624,321084,高邮市,False
626,321088,江都市,False
591,320900,盐城市本级,False
593,320902,亭湖区,False
595,320903,盐都区,False
597,320921,响水县,False
599,320922,滨海县,False
601,320923,阜宁县,False
603,320924,射阳县,False
605,320925,建湖县,False
607,320981,东台市,False
572,320800,淮安市本级,False
574,320802,清河区,False
576,320803,楚州区,False
578,320804,淮阴区,False
580,320811,清浦区,False
582,320826,涟水县,False
584,320829,洪泽县,False
586,320830,盱眙县,False
588,320831,金湖县,False
555,320700,连云港市本级,False
557,320703,连云区,False
559,320705,新浦区,False
561,320706,海州区,False
563,320721,赣榆县,False
565,320722,东海县,False
567,320723,灌云县,False
569,320724,灌南县,False
609,320982,大丰市,False
511,320500,苏州市本级,False
513,320502,沧浪区,False
515,320503,平江区,False
517,320504,金阊区,False
519,320505,虎丘区,False
521,320506,吴中区,False
523,320507,相城区,False
525,320581,常熟市,False
527,320582,张家港市,False
529,320583,昆山市,False
531,320584,吴江市,False
533,320585,太仓市,False
536,320600,南通市本级,False
538,320602,崇川区,False
540,320611,港闸区,False
542,320621,海安县,False
544,320623,如东县,False
546,320681,启东市,False
548,320682,如皋市,False
550,320683,通州市,False
552,320684,海门市,False
494,320400,常州市本级,False
496,320402,天宁区,False
498,320404,钟楼区,False
500,320405,戚墅堰区,False
502,320411,新北区,False
504,320412,武进区,False
506,320481,溧阳市,False
508,320482,金坛市,False
450,320200,无锡市本级,False
452,320202,崇安区,False
454,320203,南长区,False
456,320204,北塘区,False
458,320205,锡山区,False
460,320206,惠山区,False
462,320211,滨湖区,False
464,320281,江阴市,False
466,320282,宜兴市,False
421,320100,南京市本级,False
423,320102,玄武区,False
425,320103,白下区,False
427,320104,秦淮区,False
429,320105,建邺区,False
431,320106,鼓楼区,False
433,320107,下关区,False
435,320111,浦口区,False
437,320113,栖霞区,False
439,320114,雨花台区,False
441,320115,江宁区,False
443,320116,六合区,False
445,320124,溧水县,False
447,320125,高淳县,False
469,320300,徐州市本级,False
471,320302,鼓楼区,False
473,320303,云龙区,False
475,320304,九里区,False
477,320305,贾汪区,False
479,320311,泉山区,False
481,320321,丰县,False
483,320322,沛县,False
485,320323,铜山县,False
844,331000,台州市本级,False
846,331002,椒江区,False
848,331003,黄岩区,False
850,331004,路桥区,False
852,331021,玉环县,False
854,331022,三门县,False
856,331023,天台县,False
858,331024,仙居县,False
860,331081,温岭市,False
862,331082,临海市,False
865,331100,丽水市本级,False
867,331102,莲都区,False
869,331121,青田县,False
871,331122,缙云县,False
873,331123,遂昌县,False
875,331124,松阳县,False
877,331125,云和县,False
879,331126,庆元县,False
881,331127,景宁畲族自治县,False
883,331181,龙泉市,False
487,320324,睢宁县,False
489,320381,新沂市,False
491,320382,邳州市,False
7984,331099,台州经济开发区,False
782,330600,绍兴市本级,False
784,330602,越城区,False
786,330621,绍兴县,False
788,330624,新昌县,False
790,330681,诸暨市,False
792,330682,上虞市,False
794,330683,嵊州市,False
818,330800,衢州市本级,False
820,330802,柯城区,False
822,330821,衢江区,False
824,330822,常山县,False
826,330824,开化县,False
828,330825,龙游县,False
830,330881,江山市,False
797,330700,金华市本级,False
799,330702,婺城区,False
801,330721,金东区,False
803,330723,武义县,False
805,330726,浦江县,False
807,330727,磐安县,False
809,330781,兰溪市,False
811,330782,义乌市,False
813,330783,东阳市,False
815,330784,永康市,False
769,330500,湖州市本级,False
771,330502,吴兴区,False
773,330503,南浔区,False
7986,330504,湖州经济开发区,False
775,330521,德清县,False
777,330522,长兴县,False
779,330523,安吉县,False
752,330400,嘉兴市本级,False
754,330402,南湖区,False
756,330411,秀洲区,False
758,330421,嘉善县,False
760,330424,海盐县,False
762,330481,海宁市,False
764,330482,平湖市,False
766,330483,桐乡市,False
702,330200,宁波市本级,False
704,330203,海曙区,False
706,330204,江东区,False
708,330205,江北区,False
710,330206,北仑区,False
712,330211,镇海区,False
714,330212,鄞州区,False
716,330225,象山县,False
718,330226,宁海县,False
720,330281,余姚市,False
722,330282,慈溪市,False
724,330283,奉化市,False
833,330900,舟山市本级,False
835,330902,定海区,False
837,330903,普陀区,False
839,330921,岱山县,False
841,330922,嵊泗县,False
727,330300,温州市本级,False
729,330302,鹿城区,False
731,330303,龙湾区,False
733,330304,瓯海区,False
735,330322,洞头县,False
737,330324,永嘉县,False
739,330326,平阳县,False
741,330327,苍南县,False
743,330328,文成县,False
745,330329,泰顺县,False
747,330381,瑞安市,False
749,330382,乐清市,False
673,330100,杭州市本级,False
675,330102,上城区,False
677,330103,下城区,False
679,330104,江干区,False
681,330105,拱墅区,False
683,330106,西湖区,False
685,330108,滨江区,False
689,330110,余杭区,False
691,330122,桐庐县,False
693,330127,淳安县,False
687,330181,萧山区,False
695,330182,建德市,False
697,330183,富阳市,False
699,330185,临安市,False
1285,350700,南平市本级,False
1287,350702,延平区,False
1289,350721,顺昌县,False
1291,350722,浦城县,False
1293,350723,光泽县,False
1295,350724,松溪县,False
1297,350725,政和县,False
1299,350781,邵武市,False
1301,350782,武夷山市,False
1303,350783,建瓯市,False
1305,350784,建阳市,False
1308,350800,龙岩市本级,False
1310,350802,新罗区,False
1312,350821,长汀县,False
1314,350822,永定县,False
1316,350823,上杭县,False
1318,350824,武平县,False
1320,350825,连城县,False
1322,350881,漳平市,False
1233,350500,泉州市本级,False
1235,350502,鲤城区,False
1237,350503,丰泽区,False
1239,350504,洛江区,False
1241,350505,泉港区,False
1243,350521,惠安县,False
1245,350524,安溪县,False
1247,350525,永春县,False
1249,350526,德化县,False
1251,350527,金门县,False
1253,350581,石狮市,False
1255,350582,晋江市,False
1257,350583,南安市,False
1178,350200,厦门市本级,False
1180,350203,思明区,False
1182,350205,海沧区,False
1184,350206,湖里区,False
1186,350211,集美区,False
1188,350212,同安区,False
1190,350213,翔安区,False
1325,350900,宁德市本级,False
1327,350902,蕉城区,False
1329,350921,霞浦县,False
1331,350922,古田县,False
1333,350923,屏南县,False
1335,350924,寿宁县,False
1337,350925,周宁县,False
1339,350926,柘荣县,False
1341,350981,福安市,False
1343,350982,福鼎市,False
1260,350600,漳州市本级,False
1262,350602,芗城区,False
1264,350603,龙文区,False
1266,350622,云霄县,False
1268,350623,漳浦县,False
1270,350624,诏安县,False
1272,350625,长泰县,False
1274,350626,东山县,False
1276,350627,南靖县,False
1278,350628,平和县,False
1280,350629,华安县,False
1282,350681,龙海市,False
1193,350300,莆田市本级,False
1195,350302,城厢区,False
1197,350303,涵江区,False
1199,350304,荔城区,False
1201,350305,秀屿区,False
1203,350322,仙游县,False
1206,350400,三明市本级,False
1208,350402,梅列区,False
1210,350403,三元区,False
1212,350421,明溪县,False
1214,350423,清流县,False
1216,350424,宁化县,False
1218,350425,大田县,False
1220,350426,尤溪县,False
1222,350427,沙县,False
1224,350428,将乐县,False
1226,350429,泰宁县,False
1228,350430,建宁县,False
1230,350481,永安市,False
1066,341300,宿州市本级,False
1068,341302,埇桥区,False
1070,341321,砀山县,False
1072,341322,萧县,False
1074,341323,灵璧县,False
1076,341324,泗县,False
1028,341100,滁州市本级,False
1030,341102,琅琊区,False
1032,341103,南谯区,False
1034,341122,来安县,False
1036,341124,全椒县,False
1038,341125,定远县,False
1040,341126,凤阳县,False
1042,341181,天长市,False
1044,341182,明光市,False
1109,341600,亳州市本级,False
1111,341602,谯城区,False
1113,341621,涡阳县,False
1115,341622,蒙城县,False
1117,341623,利辛县,False
1149,350100,福州市本级,False
1151,350102,鼓楼区,False
1153,350103,台江区,False
1155,350104,仓山区,False
1157,350105,马尾区,False
1159,350111,晋安区,False
1161,350121,闽侯县,False
1163,350122,连江县,False
1165,350123,罗源县,False
1167,350124,闽清县,False
1169,350125,永泰县,False
1171,350128,平潭县,False
1092,341500,六安市本级,False
1094,341502,金安区,False
1096,341503,裕安区,False
1098,341521,寿县,False
1100,341522,霍邱县,False
1102,341523,舒城县,False
1104,341524,金寨县,False
1106,341525,霍山县,False
1011,341000,黄山市本级,False
1013,341002,屯溪区,False
1015,341003,黄山区,False
1017,341004,徽州区,False
1019,341021,歙县,False
1021,341022,休宁县,False
1023,341023,黟县,False
1025,341024,祁门县,False
1047,341200,阜阳市本级,False
1049,341202,颍州区,False
1051,341203,颍东区,False
1053,341204,颍泉区,False
1055,341221,临泉县,False
1057,341222,太和县,False
1059,341225,阜南县,False
1061,341226,颍上县,False
1063,341282,界首市,False
1079,341400,巢湖市本级,False
1081,341402,居巢区,False
1083,341421,庐江县,False
1085,341422,无为县,False
1087,341423,含山县,False
1089,341424,和县,False
1173,350181,福清市,False
1175,350182,长乐市,False
986,340800,安庆市本级,False
988,340802,迎江区,False
990,340803,大观区,False
992,340811,宜秀区,False
994,340822,怀宁县,False
996,340823,枞阳县,False
998,340824,潜山县,False
1000,340825,太湖县,False
1002,340826,宿松县,False
1004,340827,望江县,False
1006,340828,岳西县,False
1008,340881,桐城市,False
964,340600,淮北市本级,False
966,340602,杜集区,False
968,340603,相山区,False
970,340604,烈山区,False
972,340621,濉溪县,False
953,340500,马鞍山市本级,False
955,340502,金家庄区,False
957,340503,花山区,False
959,340504,雨山区,False
961,340521,当涂县,False
938,340400,淮南市本级,False
940,340402,大通区,False
942,340403,田家庵区,False
944,340404,谢家集区,False
946,340405,八公山区,False
948,340406,潘集区,False
950,340421,凤台县,False
975,340700,铜陵市本级,False
977,340702,铜官山区,False
979,340703,狮子山区,False
981,340711,郊区,False
983,340721,铜陵县,False
3372,460100,海口市本级,False
3374,460105,秀英区,False
3376,460106,龙华区,False
3378,460107,琼山区,False
3380,460108,美兰区,False
1435,360700,赣州市本级,False
1437,360702,章贡区,False
1439,360721,赣县,False
1441,360722,信丰县,False
1443,360723,大余县,False
1445,360724,上犹县,False
1447,360725,崇义县,False
1449,360726,安远县,False
1451,360727,龙南县,False
1453,360728,定南县,False
1455,360729,全南县,False
1457,360730,宁都县,False
1459,360731,于都县,False
1461,360732,兴国县,False
1463,360733,会昌县,False
904,340200,芜湖市本级,False
906,340202,镜湖区,False
908,340203,弋江区,False
910,340207,鸠江区,False
912,340208,三山区,False
914,340221,芜湖县,False
916,340222,繁昌县,False
918,340223,南陵县,False
887,340100,合肥市本级,False
889,340102,瑶海区,False
891,340103,庐阳区,False
893,340104,蜀山区,False
895,340111,包河区,False
897,340121,长丰县,False
899,340122,肥东县,False
901,340123,肥西县,False
921,340300,蚌埠市本级,False
923,340302,龙子湖区,False
925,340303,蚌山区,False
927,340304,禹会区,False
929,340311,淮上区,False
931,340321,怀远县,False
933,340322,五河县,False
935,340323,固镇县,False
1426,360600,鹰潭市本级,False
1428,360602,月湖区,False
1430,360622,余江县,False
1432,360681,贵溪市,False
1465,360734,寻乌县,False
1467,360735,石城县,False
1469,360781,瑞金市,False
1471,360782,南康市,False
3383,460200,三亚市本级,False
1474,360800,吉安市本级,False
1476,360802,吉州区,False
1478,360803,青原区,False
1480,360821,吉安县,False
1482,360822,吉水县,False
1484,360823,峡江县,False
1486,360824,新干县,False
1488,360825,永丰县,False
1490,360826,泰和县,False
1492,360827,遂川县,False
1494,360828,万安县,False
1496,360829,安福县,False
1498,360830,永新县,False
1500,360881,井冈山市,False
1419,360500,新余市本级,False
1421,360502,渝水区,False
1423,360521,分宜县,False
1392,360400,九江市本级,False
1394,360402,庐山区,False
1396,360403,浔阳区,False
1398,360421,九江县,False
1400,360423,武宁县,False
1402,360424,修水县,False
1404,360425,永修县,False
1406,360426,德安县,False
1408,360427,星子县,False
1410,360428,都昌县,False
1412,360429,湖口县,False
1379,360300,萍乡市本级,False
1381,360302,安源区,False
1383,360313,湘东区,False
1385,360321,莲花县,False
1387,360322,上栗县,False
1389,360323,芦溪县,False
1368,360200,景德镇市本级,False
1370,360202,昌江区,False
1372,360203,珠山区,False
1374,360222,浮梁县,False
1376,360281,乐平市,False
1347,360100,南昌市本级,False
1349,360102,东湖区,False
1351,360103,西湖区,False
1353,360104,青云谱区,False
1355,360105,湾里区,False
1357,360111,青山湖区,False
1359,360121,南昌县,False
1361,360122,新建县,False
1363,360123,安义县,False
1365,360124,进贤县,False
1414,360430,彭泽县,False
1416,360481,瑞昌市,False
7982,360482,共青城市,False
1783,371100,日照市本级,False
1785,371102,东港区,False
1787,371103,岚山区,False
1789,371121,五莲县,False
1791,371122,莒县,False
1772,371000,威海市本级,False
1774,371002,环翠区,False
1776,371081,文登市,False
1778,371082,荣成市,False
1780,371083,乳山市,False
1794,371200,莱芜市本级,False
1796,371202,莱城区,False
1798,371203,钢城区,False
1676,370600,烟台市本级,False
1678,370602,芝罘区,False
1680,370611,福山区,False
1682,370612,牟平区,False
1684,370613,莱山区,False
1686,370634,长岛县,False
1688,370681,龙口市,False
1690,370682,莱阳市,False
1692,370683,莱州市,False
1694,370684,蓬莱市,False
1696,370685,招远市,False
1698,370686,栖霞市,False
1700,370687,海阳市,False
1757,370900,泰安市本级,False
1759,370902,泰山区,False
1761,370911,岱岳区,False
1763,370921,宁阳县,False
1765,370923,东平县,False
1767,370982,新泰市,False
1769,370983,肥城市,False
1703,370700,潍坊市本级,False
1705,370702,潍城区,False
1707,370703,寒亭区,False
1709,370704,坊子区,False
1711,370705,奎文区,False
1713,370724,临朐县,False
1715,370725,昌乐县,False
1717,370781,青州市,False
1719,370782,诸城市,False
1721,370783,寿光市,False
1663,370500,东营市本级,False
1665,370502,东营区,False
1667,370503,河口区,False
1669,370521,垦利县,False
1671,370522,利津县,False
1673,370523,广饶县,False
1723,370784,安丘市,False
1725,370785,高密市,False
1727,370786,昌邑市,False
1730,370800,济宁市本级,False
1732,370802,市中区,False
1734,370811,任城区,False
1736,370826,微山县,False
1738,370827,鱼台县,False
1740,370828,金乡县,False
1742,370829,嘉祥县,False
1744,370830,汶上县,False
1746,370831,泗水县,False
1748,370832,梁山县,False
1750,370881,曲阜市,False
1752,370882,兖州市,False
1754,370883,邹城市,False
1602,370200,青岛市本级,False
1604,370202,市南区,False
1606,370203,市北区,False
1608,370205,四方区,False
1610,370211,黄岛区,False
1612,370212,崂山区,False
1614,370213,李沧区,False
1616,370214,城阳区,False
1618,370281,胶州市,False
1620,370282,即墨市,False
1622,370283,平度市,False
1624,370284,胶南市,False
1626,370285,莱西市,False
1648,370400,枣庄市本级,False
1650,370402,市中区,False
1652,370403,薛城区,False
1654,370404,峄城区,False
1656,370405,台儿庄区,False
1658,370406,山亭区,False
1660,370481,滕州市,False
2751,431200,怀化市本级,False
2753,431202,鹤城区,False
2755,431221,中方县,False
2757,431222,沅陵县,False
2759,431223,辰溪县,False
2761,431224,溆浦县,False
2763,431225,会同县,False
2765,431226,麻阳苗族自治县,False
2767,431227,新晃侗族自治县,False
2769,431228,芷江侗族自治县,False
2771,431229,靖州苗族侗族自治县,False
2773,431230,通道侗族自治县,False
2775,431281,洪江市,False
1579,370100,济南市本级,False
1581,370102,历下区,False
1583,370103,市中区,False
1585,370104,槐荫区,False
1587,370105,天桥区,False
1589,370112,历城区,False
1591,370113,长清区,False
1593,370124,平阴县,False
1595,370125,济阳县,False
1597,370126,商河县,False
1599,370181,章丘市,False
2726,431100,永州市本级,False
2728,431102,零陵区,False
2730,431103,冷水滩区,False
2732,431121,祁阳县,False
2734,431122,东安县,False
2736,431123,双牌县,False
2738,431124,道县,False
2740,431125,江永县,False
2742,431126,宁远县,False
2744,431127,蓝山县,False
2746,431128,新田县,False
1629,370300,淄博市本级,False
1631,370302,淄川区,False
1633,370303,张店区,False
1635,370304,博山区,False
1637,370305,临淄区,False
1639,370306,周村区,False
1641,370321,桓台县,False
1643,370322,高青县,False
1645,370323,沂源县,False
2701,431000,郴州市本级,False
2703,431002,北湖区,False
2705,431003,苏仙区,False
2707,431021,桂阳县,False
2709,431022,宜章县,False
2711,431023,永兴县,False
2713,431024,嘉禾县,False
2715,431025,临武县,False
2717,431026,汝城县,False
2719,431027,桂东县,False
2721,431028,安仁县,False
2723,431081,资兴市,False
2686,430900,益阳市本级,False
2688,430902,资阳区,False
2690,430903,赫山区,False
2692,430921,南县,False
2694,430922,桃江县,False
2696,430923,安化县,False
2698,430981,沅江市,False
2675,430800,张家界市本级,False
2677,430802,永定区,False
2679,430811,武陵源区,False
2681,430821,慈利县,False
2683,430822,桑植县,False
2748,431129,江华瑶族自治县,False
2566,430300,湘潭市本级,False
2568,430302,雨湖区,False
2570,430304,岳塘区,False
2572,430321,湘潭县,False
2574,430381,湘乡市,False
2576,430382,韶山市,False
2633,430600,岳阳市本级,False
2635,430602,岳阳楼区,False
2637,430603,云溪区,False
2639,430611,君山区,False
2641,430621,岳阳县,False
2643,430623,华容县,False
2645,430624,湘阴县,False
2647,430626,平江县,False
2649,430681,汨罗市,False
2651,430682,临湘市,False
2606,430500,邵阳市本级,False
2608,430502,双清区,False
2610,430503,大祥区,False
2612,430511,北塔区,False
2614,430521,邵东县,False
2616,430522,新邵县,False
2618,430523,邵阳县,False
2620,430524,隆回县,False
2622,430525,洞口县,False
2624,430527,绥宁县,False
2626,430528,新宁县,False
2628,430529,城步苗族自治县,False
2630,430581,武冈市,False
2579,430400,衡阳市本级,False
2581,430405,珠晖区,False
2583,430406,雁峰区,False
2585,430407,石鼓区,False
2587,430408,蒸湘区,False
2589,430412,南岳区,False
2591,430421,衡阳县,False
2593,430422,衡南县,False
2595,430423,衡山县,False
2597,430424,衡东县,False
2599,430426,祁东县,False
2601,430481,耒阳市,False
2603,430482,常宁市,False
2524,430100,长沙市本级,False
2526,430102,芙蓉区,False
2528,430103,天心区,False
2530,430104,岳麓区,False
2532,430105,开福区,False
2534,430111,雨花区,False
2536,430121,长沙县,False
2538,430122,望城县,False
2540,430124,宁乡县,False
2542,430181,浏阳市,False
2545,430200,株洲市本级,False
2547,430202,荷塘区,False
2549,430203,芦淞区,False
2551,430204,石峰区,False
2553,430211,天元区,False
2555,430221,株洲县,False
2557,430223,攸县,False
2559,430224,茶陵县,False
2561,430225,炎陵县,False
2563,430281,醴陵市,False
2654,430700,常德市本级,False
2656,430702,武陵区,False
2658,430703,鼎城区,False
2660,430721,安乡县,False
2662,430722,汉寿县,False
2664,430723,澧县,False
2666,430724,临澧县,False
2668,430725,桃源县,False
2670,430726,石门县,False
2672,430781,津市市,False
7260,422800,恩施土家族苗族自治州本级,False
2497,422801,恩施市,False
2499,422802,利川市,False
2501,422822,建始县,False
2503,422823,巴东县,False
2505,422825,宣恩县,False
2507,422826,咸丰县,False
2509,422827,来凤县,False
2511,422828,鹤峰县,False
2490,421300,随州市本级,False
2492,421302,曾都区,False
7980,421321,随县,False
2494,421381,广水市,False
2452,421100,黄冈市本级,False
2454,421102,黄州区,False
2456,421121,团风县,False
2458,421122,红安县,False
2460,421123,罗田县,False
2462,421124,英山县,False
2433,421000,荆州市本级,False
2435,421002,沙市区,False
2437,421003,荆州区,False
2439,421022,公安县,False
2441,421023,监利县,False
2443,421024,江陵县,False
2445,421081,石首市,False
2447,421083,洪湖市,False
2449,421087,松滋市,False
2475,421200,咸宁市本级,False
2477,421202,咸安区,False
2479,421221,嘉鱼县,False
2481,421222,通城县,False
2483,421223,崇阳县,False
2485,421224,通山县,False
2487,421281,赤壁市,False
2464,421125,浠水县,False
2466,421126,蕲春县,False
2468,421127,黄梅县,False
2470,421181,麻城市,False
2472,421182,武穴市,False
2416,420900,孝感市本级,False
2418,420902,孝南区,False
2420,420921,孝昌县,False
2422,420922,大悟县,False
2424,420923,云梦县,False
2426,420981,应城市,False
2428,420982,安陆市,False
2430,420984,汉川市,False
2403,420800,荆门市本级,False
2405,420802,东宝区,False
2407,420804,掇刀区,False
2409,420821,京山县,False
2411,420822,沙洋县,False
2413,420881,钟祥市,False
2394,420700,鄂州市本级,False
2396,420702,梁子湖区,False
2398,420703,华容区,False
2400,420704,鄂城区,False
2373,420600,襄樊市本级,False
2375,420602,襄城区,False
2377,420606,樊城区,False
2379,420607,襄阳区,False
2381,420624,南漳县,False
2383,420625,谷城县,False
2385,420626,保康县,False
2387,420682,老河口市,False
2389,420683,枣阳市,False
2391,420684,宜城市,False
2344,420500,宜昌市本级,False
2346,420502,西陵区,False
2348,420503,伍家岗区,False
2350,420504,点军区,False
2352,420505,猇亭区,False
2354,420506,夷陵区,False
2356,420525,远安县,False
2358,420526,兴山县,False
2360,420527,秭归县,False
2362,420528,长阳土家族自治县,False
2364,420529,五峰土家族自治县,False
2366,420581,宜都市,False
2368,420582,当阳市,False
2370,420583,枝江市,False
3097,445300,云浮市本级,False
3099,445302,云城区,False
3101,445321,新兴县,False
3103,445322,郁南县,False
3105,445323,云安县,False
3107,445381,罗定市,False
3084,445200,揭阳市本级,False
3086,445202,榕城区,False
3088,445221,揭东县,False
3090,445222,揭西县,False
3092,445224,惠来县,False
3094,445281,普宁市,False
3075,445100,潮州市本级,False
3077,445102,湘桥区,False
3079,445121,潮安县,False
3081,445122,饶平县,False
7124,442000,中山市本级,False
7122,441900,东莞市本级,False
2281,420100,武汉市本级,False
2283,420102,江岸区,False
2285,420103,江汉区,False
2287,420104,硚口区,False
2289,420105,汉阳区,False
2291,420106,武昌区,False
2293,420107,青山区,False
2295,420111,洪山区,False
2297,420112,东西湖区,False
2299,420113,汉南区,False
2301,420114,蔡甸区,False
2303,420115,江夏区,False
2305,420116,黄陂区,False
2307,420117,新洲区,False
2325,420300,十堰市本级,False
2327,420302,茅箭区,False
2329,420303,张湾区,False
2331,420321,郧县,False
2333,420322,郧西县,False
2335,420323,竹山县,False
2337,420324,竹溪县,False
2339,420325,房县,False
2341,420381,丹江口市,False
2310,420200,黄石市本级,False
2312,420202,黄石港区,False
2314,420203,西塞山区,False
2316,420204,下陆区,False
2318,420205,铁山区,False
2320,420222,阳新县,False
2322,420281,大冶市,False
2998,441400,梅州市本级,False
3000,441402,梅江区,False
3002,441421,梅县,False
3004,441422,大埔县,False
3006,441423,丰顺县,False
3008,441424,五华县,False
3010,441426,平远县,False
3012,441427,蕉岭县,False
3014,441481,兴宁市,False
2966,441200,肇庆市本级,False
2968,441202,端州区,False
2970,441203,鼎湖区,False
2972,441223,广宁县,False
2974,441224,怀集县,False
2976,441225,封开县,False
2978,441226,德庆县,False
2980,441283,高要市,False
2982,441284,四会市,False
3028,441600,河源市本级,False
3030,441602,源城区,False
3032,441621,紫金县,False
3034,441622,龙川县,False
3036,441623,连平县,False
3038,441624,和平县,False
3040,441625,东源县,False
3017,441500,汕尾市本级,False
3019,441502,城区,False
3021,441521,海丰县,False
3023,441523,陆河县,False
3025,441581,陆丰市,False
2951,440900,茂名市本级,False
2953,440902,茂南区,False
2955,440903,茂港区,False
2957,440923,电白县,False
2959,440981,高州市,False
2961,440982,化州市,False
2963,440983,信宜市,False
2985,441300,惠州市本级,False
2987,441302,惠城区,False
2989,441303,惠阳区,False
2991,441322,博罗县,False
2993,441323,惠东县,False
2995,441324,龙门县,False
3043,441700,阳江市本级,False
3045,441702,江城区,False
3047,441721,阳西县,False
3049,441723,阳东县,False
3051,441781,阳春市,False
3054,441800,清远市本级,False
3056,441802,清城区,False
3058,441821,佛冈县,False
3060,441823,阳山县,False
3062,441825,连山壮族瑶族自治县,False
3064,441826,连南瑶族自治县,False
3066,441827,清新县,False
3068,441881,英德市,False
3070,441882,连州市,False
2874,440400,珠海市本级,False
2876,440402,香洲区,False
2878,440403,斗门区,False
2880,440404,金湾区,False
2913,440700,江门市本级,False
2915,440703,蓬江区,False
2917,440704,江海区,False
2919,440705,新会区,False
2921,440781,台山市,False
2923,440783,开平市,False
2925,440784,鹤山市,False
2927,440785,恩平市,False
2836,440200,韶关市本级,False
2838,440203,武江区,False
2840,440204,浈江区,False
2842,440205,曲江区,False
2844,440222,始兴县,False
2846,440224,仁化县,False
2848,440229,翁源县,False
2850,440232,乳源瑶族自治县,False
2852,440233,新丰县,False
2854,440281,乐昌市,False
2856,440282,南雄市,False
2930,440800,湛江市本级,False
2932,440802,赤坎区,False
2934,440803,霞山区,False
2936,440804,坡头区,False
2938,440811,麻章区,False
2940,440823,遂溪县,False
2942,440825,徐闻县,False
2944,440881,廉江市,False
2946,440882,雷州市,False
2948,440883,吴川市,False
2859,440300,深圳市本级,False
2861,440303,罗湖区,False
2863,440304,福田区,False
2865,440305,南山区,False
2867,440306,宝安区,False
2869,440307,龙岗区,False
2871,440308,盐田区,False
2883,440500,汕头市本级,False
2885,440507,龙湖区,False
2887,440511,金平区,False
2889,440512,濠江区,False
2891,440513,潮阳区,False
2893,440514,潮南区,False
2895,440515,澄海区,False
2897,440523,南澳县,False
2900,440600,佛山市本级,False
2902,440604,禅城区,False
2904,440605,南海区,False
2906,440606,顺德区,False
2908,440607,三水区,False
2910,440608,高明区,False
2809,440100,广州市本级,False
2811,440103,荔湾区,False
2813,440104,越秀区,False
2815,440105,海珠区,False
2817,440106,天河区,False
2819,440111,白云区,False
2821,440112,黄埔区,False
2823,440113,番禺区,False
2825,440114,花都区,False
2827,440115,南沙区,False
2829,440116,萝岗区,False
2831,440183,增城市,False
2833,440184,从化市,False
2234,411600,周口市本级,False
2236,411602,川汇区,False
2238,411621,扶沟县,False
2240,411622,西华县,False
2242,411623,商水县,False
2244,411624,沈丘县,False
2246,411625,郸城县,False
2248,411626,淮阳县,False
2250,411627,太康县,False
2252,411628,鹿邑县,False
2254,411681,项城市,False
2211,411500,信阳市本级,False
2213,411502,浉河区,False
2215,411503,平桥区,False
2217,411521,罗山县,False
2219,411522,光山县,False
2221,411523,新县,False
2223,411524,商城县,False
2225,411525,固始县,False
2227,411526,潢川县,False
2229,411527,淮滨县,False
2231,411528,息县,False
2190,411400,商丘市本级,False
2192,411402,梁园区,False
2194,411403,睢阳区,False
2196,411421,民权县,False
2198,411422,睢县,False
2200,411423,宁陵县,False
2202,411424,柘城县,False
2204,411425,虞城县,False
2206,411426,夏邑县,False
2208,411481,永城市,False
2103,410900,濮阳市本级,False
2105,410902,华龙区,False
2107,410922,清丰县,False
2109,410923,南乐县,False
2111,410926,范县,False
2113,410927,台前县,False
2115,410928,濮阳县,False
2161,411300,南阳市本级,False
2163,411302,宛城区,False
2165,411303,卧龙区,False
2167,411321,南召县,False
2169,411322,方城县,False
2171,411323,西峡县,False
2173,411324,镇平县,False
2175,411325,内乡县,False
2177,411326,淅川县,False
2179,411327,社旗县,False
2181,411328,唐河县,False
2183,411329,新野县,False
2185,411330,桐柏县,False
2187,411381,邓州市,False
2146,411200,三门峡市本级,False
2148,411202,湖滨区,False
2150,411221,渑池县,False
2152,411222,陕县,False
2154,411224,卢氏县,False
2156,411281,义马市,False
2158,411282,灵宝市,False
2133,411100,漯河市本级,False
2135,411102,源汇区,False
2137,411103,郾城区,False
2139,411104,召陵区,False
2141,411121,舞阳县,False
2143,411122,临颍县,False
2118,411000,许昌市本级,False
2120,411002,魏都区,False
2122,411023,许昌县,False
2124,411024,鄢陵县,False
2126,411025,襄城县,False
2128,411081,禹州市,False
2130,411082,长葛市,False
2078,410800,焦作市本级,False
2080,410802,解放区,False
2082,410803,中站区,False
2084,410804,马村区,False
2086,410811,山阳区,False
2088,410821,修武县,False
2090,410822,博爱县,False
2092,410823,武陟县,False
2094,410825,温县,False
2096,410881,济源市,False
2098,410882,沁阳市,False
2100,410883,孟州市,False
2051,410700,新乡市本级,False
2053,410702,红旗区,False
2055,410703,卫滨区,False
2057,410704,凤泉区,False
2059,410711,牧野区,False
2061,410721,新乡县,False
2063,410724,获嘉县,False
2065,410725,原阳县,False
2067,410726,延津县,False
2069,410727,封丘县,False
2071,410728,长垣县,False
2073,410781,卫辉市,False
2075,410782,辉县市,False
2038,410600,鹤壁市本级,False
2040,410602,鹤山区,False
2042,410603,山城区,False
2044,410611,淇滨区,False
2046,410621,浚县,False
2048,410622,淇县,False
1994,410400,平顶山市本级,False
1996,410402,新华区,False
1998,410403,卫东区,False
2000,410404,石龙区,False
2002,410411,湛河区,False
2004,410421,宝丰县,False
2006,410422,叶县,False
2008,410423,鲁山县,False
2010,410425,郏县,False
2012,410481,舞钢市,False
2017,410500,安阳市本级,False
2019,410502,文峰区,False
2021,410503,北关区,False
2023,410505,殷都区,False
2025,410506,龙安区,False
2027,410522,安阳县,False
2029,410523,汤阴县,False
2031,410526,滑县,False
2014,410482,汝州市,False
2033,410527,内黄县,False
2035,410581,林州市,False
1938,410200,开封市本级,False
1940,410202,龙亭区,False
1942,410203,顺河回族区,False
1944,410204,鼓楼区,False
1946,410205,禹王台区,False
1948,410211,金明区,False
1950,410221,杞县,False
1952,410222,通许县,False
1954,410223,尉氏县,False
1956,410224,开封县,False
1958,410225,兰考县,False
1961,410300,洛阳市本级,False
1963,410302,老城区,False
1965,410303,西工区,False
1967,410304,瀍河回族区,False
1969,410305,涧西区,False
1971,410306,吉利区,False
1973,410311,洛龙区,False
1975,410322,孟津县,False
1977,410323,新安县,False
1979,410324,栾川县,False
1981,410325,嵩县,False
1983,410326,汝阳县,False
1985,410327,宜阳县,False
1911,410100,郑州市本级,False
1913,410102,中原区,False
1915,410103,二七区,False
1917,410104,管城回族区,False
1919,410105,金水区,False
1921,410106,上街区,False
1923,410108,惠济区,False
1925,410122,中牟县,False
1927,410181,巩义市,False
1929,410182,荥阳市,False
1931,410183,新密市,False
1933,410184,新郑市,False
1935,410185,登封市,False
3261,450900,玉林市本级,False
3263,450902,玉州区,False
3265,450921,容县,False
3267,450922,陆川县,False
3269,450923,博白县,False
3271,450924,兴业县,False
3273,450981,北流市,False
3248,450800,贵港市本级,False
3250,450802,港北区,False
3252,450803,港南区,False
3254,450804,覃塘区,False
3256,450821,平南县,False
3258,450881,桂平市,False
3226,450600,防城港市本级,False
3228,450602,港口区,False
3230,450603,防城区,False
3232,450621,上思县,False
3234,450681,东兴市,False
1987,410328,洛宁县,False
1989,410329,伊川县,False
1991,410381,偃师市,False
3215,450500,北海市本级,False
3217,450502,海城区,False
3219,450503,银海区,False
3221,450512,铁山港区,False
3223,450521,合浦县,False
3237,450700,钦州市本级,False
3239,450702,钦南区,False
3241,450703,钦北区,False
3243,450721,灵山县,False
3245,450722,浦北县,False
3198,450400,梧州市本级,False
3200,450403,万秀区,False
3202,450404,蝶山区,False
3204,450405,长洲区,False
3206,450421,苍梧县,False
3208,450422,藤县,False
3210,450423,蒙山县,False
3212,450481,岑溪市,False
3465,500222,綦江县,False
3467,500223,潼南县,False
3469,500224,铜梁县,False
3471,500225,大足县,False
3473,500226,荣昌县,False
3475,500227,璧山县,False
3477,500228,梁平县,False
3479,500229,城口县,False
3481,500230,丰都县,False
3483,500231,垫江县,False
3485,500232,武隆县,False
3487,500233,忠县,False
3489,500234,开县,False
3491,500235,云阳县,False
3493,500236,奉节县,False
3495,500237,巫山县,False
3497,500238,巫溪县,False
3499,500240,石柱土家族自治县,False
3161,450300,桂林市本级,False
3163,450302,秀峰区,False
3165,450303,叠彩区,False
3167,450304,象山区,False
3169,450305,七星区,False
3171,450311,雁山区,False
3173,450321,阳朔县,False
3175,450322,临桂县,False
3177,450323,灵川县,False
3179,450324,全州县,False
3181,450325,兴安县,False
3183,450326,永福县,False
3185,450327,灌阳县,False
3187,450328,龙胜各族自治县,False
3189,450329,资源县,False
3191,450330,平乐县,False
3193,450331,荔蒲县,False
3195,450332,恭城瑶族自治县,False
3138,450200,柳州市本级,False
3140,450202,城中区,False
3142,450203,鱼峰区,False
3144,450204,柳南区,False
3146,450205,柳北区,False
3148,450221,柳江县,False
3150,450222,柳城县,False
3152,450223,鹿寨县,False
3154,450224,融安县,False
3156,450225,融水苗族自治县,False
3158,450226,三江侗族自治县,False
3111,450100,南宁市本级,False
3113,450102,兴宁区,False
3115,450103,青秀区,False
3117,450105,江南区,False
3119,450107,西乡塘区,False
3121,450108,良庆区,False
3123,450109,邕宁区,False
3125,450122,武鸣县,False
3127,450123,隆安县,False
3129,450124,马山县,False
3131,450125,上林县,False
3133,450126,宾阳县,False
3135,450127,横县,False
3501,500241,秀山土家族苗族自治县,False
3503,500242,酉阳土家族苗族自治县,False
3505,500243,彭水苗族土家族自治县,False
7132,500100,重庆市本级,False
3426,500101,万州区,False
3428,500102,涪陵区,False
3430,500103,渝中区,False
3432,500104,大渡口区,False
3434,500105,江北区,False
3436,500106,沙坪坝区,False
3438,500107,九龙坡区,False
3440,500108,南岸区,False
3442,500109,北碚区,False
3444,500110,万盛区,False
3446,500111,双桥区,False
3448,500112,渝北区,False
3450,500113,巴南区,False
3452,500114,黔江区,False
3454,500115,长寿区,False
7136,513200,阿坝藏族羌族自治州本级,False
3829,513221,汶川县,False
3831,513222,理县,False
3833,513223,茂县,False
3835,513224,松潘县,False
3837,513225,九寨沟县,False
3839,513226,金川县,False
3841,513227,小金县,False
3843,513228,黑水县,False
3845,513229,马尔康县,False
3847,513230,壤塘县,False
3849,513231,阿坝县,False
3851,513232,若尔盖县,False
3853,513233,红原县,False
7256,513300,甘孜藏族自治州本级,False
3856,513321,康定县,False
3858,513322,泸定县,False
3860,513323,丹巴县,False
3862,513324,九龙县,False
3864,513325,雅江县,False
3866,513326,道孚县,False
3868,513327,炉霍县,False
3870,513328,甘孜县,False
3872,513329,新龙县,False
3874,513330,德格县,False
3876,513331,白玉县,False
3878,513332,石渠县,False
3880,513333,色达县,False
3882,513334,理塘县,False
3884,513335,巴塘县,False
3886,513336,乡城县,False
3888,513337,稻城县,False
3456,500116,江津区,False
3458,500117,合川区,False
3460,500118,永川区,False
3462,500119,南川区,False
3807,511900,巴中市本级,False
3809,511902,巴州区,False
3811,511921,通江县,False
3813,511922,南江县,False
3815,511923,平昌县,False
3758,511600,广安市本级,False
3760,511602,广安区,False
3762,511621,岳池县,False
3764,511622,武胜县,False
3766,511623,邻水县,False
3768,511681,华蓥市,False
3890,513338,得荣县,False
3771,511700,达州市本级,False
3773,511702,通川区,False
3775,511721,达县,False
3777,511722,宣汉县,False
3779,511723,开江县,False
3781,511724,大竹县,False
3783,511725,渠县,False
3785,511781,万源市,False
3818,512000,资阳市本级,False
3820,512002,雁江区,False
3822,512021,安岳县,False
3824,512022,乐至县,False
3826,512081,简阳市,False
3788,511800,雅安市本级,False
3790,511802,雨城区,False
3792,511821,名山县,False
3794,511822,荥经县,False
3796,511823,汉源县,False
3798,511824,石棉县,False
3800,511825,天全县,False
3802,511826,芦山县,False
3804,511827,宝兴县,False
3735,511500,宜宾市本级,False
3737,511502,翠屏区,False
3739,511521,宜宾县,False
3741,511522,南溪县,False
3743,511523,江安县,False
3745,511524,长宁县,False
3747,511525,高县,False
3749,511526,珙县,False
3751,511527,筠连县,False
3753,511528,兴文县,False
3755,511529,屏山县,False
3661,511000,内江市本级,False
3663,511002,市中区,False
3665,511011,东兴区,False
3667,511024,威远县,False
3669,511025,资中县,False
3671,511028,隆昌县,False
3699,511300,南充市本级,False
3701,511302,顺庆区,False
3703,511303,高坪区,False
3705,511304,嘉陵区,False
3707,511321,南部县,False
3709,511322,营山县,False
3711,511323,蓬安县,False
3713,511324,仪陇县,False
3715,511325,西充县,False
3717,511381,阆中市,False
3720,511400,眉山市本级,False
3722,511402,东坡区,False
3724,511421,仁寿县,False
3726,511422,彭山县,False
3728,511423,洪雅县,False
3730,511424,丹棱县,False
3732,511425,青神县,False
3674,511100,乐山市本级,False
3676,511102,市中区,False
3678,511111,沙湾区,False
3680,511112,五通桥区,False
3682,511113,金口河区,False
3684,511123,犍为县,False
3686,511124,井研县,False
3688,511126,夹江县,False
3690,511129,沐川县,False
3692,511132,峨边彝族自治县,False
3694,511133,马边彝族自治县,False
3696,511181,峨眉山市,False
3648,510900,遂宁市本级,False
3650,510903,船山区,False
3652,510904,安居区,False
3654,510921,蓬溪县,False
3656,510922,射洪县,False
3658,510923,大英县,False
3631,510800,广元市本级,False
3633,510802,市中区,False
3635,510811,元坝区,False
3637,510812,朝天区,False
3639,510821,旺苍县,False
3641,510822,青川县,False
3643,510823,剑阁县,False
3645,510824,苍溪县,False
3595,510600,德阳市本级,False
3597,510603,旌阳区,False
3599,510623,中江县,False
3601,510626,罗江县,False
3603,510681,广汉市,False
3605,510682,什邡市,False
3607,510683,绵竹市,False
3610,510700,绵阳市本级,False
3612,510703,涪城区,False
3614,510704,游仙区,False
3616,510722,三台县,False
3618,510723,盐亭县,False
3620,510724,安县,False
3622,510725,梓潼县,False
3624,510726,北川羌族自治县,False
3626,510727,平武县,False
3628,510781,江油市,False
3578,510500,泸州市本级,False
3580,510502,江阳区,False
3582,510503,纳溪区,False
3584,510504,龙马潭区,False
3586,510521,泸县,False
3588,510522,合江县,False
3590,510524,叙永县,False
3592,510525,古蔺县,False
3565,510400,攀枝花市本级,False
3567,510402,东区,False
3569,510403,西区,False
3571,510411,仁和区,False
3573,510421,米易县,False
3575,510422,盐边县,False
3550,510300,自贡市本级,False
3552,510302,自流井区,False
3554,510303,贡井区,False
3556,510304,大安区,False
3558,510311,沿滩区,False
3560,510321,荣县,False
3562,510322,富顺县,False
3509,510100,成都市本级,False
3511,510104,锦江区,False
3513,510105,青羊区,False
3515,510106,金牛区,False
3517,510107,武侯区,False
3519,510108,成华区,False
3521,510112,龙泉驿区,False
3523,510113,青白江区,False
3525,510114,新都区,False
3527,510115,温江区,False
3529,510121,金堂县,False
3531,510122,双流县,False
3533,510124,郫县,False
3535,510129,大邑县,False
3537,510131,蒲江县,False
3539,510132,新津县,False
3541,510181,都江堰市,False
3543,510182,彭州市,False
3545,510183,邛崃市,False
3547,510184,崇州市,False
7232,632600,果洛藏族自治州本级,False
5630,632621,玛沁县,False
5634,632622,班玛县,False
5638,632623,甘德县,False
5642,632624,达日县,False
5646,632625,久治县,False
5650,632626,玛多县,False
7230,632500,海南藏族自治州本级,False
5608,632521,共和县,False
5612,632522,同德县,False
5616,632523,贵德县,False
5620,632524,兴海县,False
5624,632525,贵南县,False
7234,632700,玉树藏族自治州本级,False
5656,632721,玉树县,False
5660,632722,杂多县,False
5664,632723,称多县,False
5668,632724,治多县,False
5672,632725,囊谦县,False
5676,632726,曲麻莱县,False
7228,632300,黄南藏族自治州本级,False
5590,632321,同仁县,False
5594,632322,尖扎县,False
5598,632323,泽库县,False
5602,632324,河南蒙古族自治县,False
7226,632200,海北藏族自治州本级,False
5572,632221,门源回族自治县,False
5576,632222,祁连县,False
5580,632223,海晏县,False
5584,632224,刚察县,False
7224,632100,海东地区本级,False
5546,632121,平安县,False
5550,632122,民和回族土族自治县,False
5554,632123,乐都县,False
5558,632126,互助土族自治县,False
5562,632127,化隆回族自治县,False
5566,632128,循化撒拉族自治县,False
7206,542600,林芝地区本级,False
4560,542621,林芝县,False
4563,542622,工布江达县,False
4567,542623,米林县,False
4571,542624,墨脱县,False
4575,542625,波密县,False
4579,542626,察隅县,False
4582,542627,朗县,False
5513,630100,西宁市本级,False
5517,630102,城东区,False
5520,630103,城中区,False
5524,630104,城西区,False
5528,630105,城北区,False
5532,630121,大通回族土族自治县,False
5536,630122,湟中县,False
5540,630123,湟源县,False
7202,542400,那曲地区本级,False
4516,542421,那曲县,False
4518,542422,嘉黎县,False
4520,542423,比如县,False
4522,542424,聂荣县,False
4524,542425,安多县,False
4526,542426,申扎县,False
4528,542427,索县,False
4530,542428,班戈县,False
4532,542429,巴青县,False
4534,542430,尼玛县,False
7204,542500,阿里地区本级,False
4537,542521,普兰县,False
4539,542522,札达县,False
4541,542523,噶尔县,False
4543,542524,日土县,False
4546,542525,革吉县,False
4550,542526,改则县,False
4554,542527,措勤县,False
7200,542300,日喀则地区本级,False
4479,542301,日喀则市,False
4481,542322,南木林县,False
4483,542323,江孜县,False
4485,542324,定日县,False
4487,542325,萨迦县,False
4489,542326,拉孜县,False
4491,542327,昂仁县,False
4493,542328,谢通门县,False
4495,542329,白朗县,False
4497,542330,仁布县,False
4499,542331,康马县,False
4501,542332,定结县,False
4503,542333,仲巴县,False
4505,542334,亚东县,False
4507,542335,吉隆县,False
4509,542336,聂拉木县,False
4511,542337,萨嘎县,False
4513,542338,岗巴县,False
7220,542200,山南地区本级,False
4454,542221,乃东县,False
4456,542222,扎囊县,False
4458,542223,贡嘎县,False
4460,542224,桑日县,False
4462,542225,琼结县,False
4464,542226,曲松县,False
4466,542227,措美县,False
4468,542228,洛扎县,False
4470,542229,加查县,False
4472,542231,隆子县,False
4474,542232,错那县,False
4476,542233,浪卡子县,False
4412,540100,拉萨市本级,False
4414,540102,城关区,False
4416,540121,林周县,False
4418,540122,当雄县,False
4420,540123,尼木县,False
4422,540124,曲水县,False
4424,540125,堆龙德庆县,False
4426,540126,达孜县,False
4428,540127,墨竹工卡县,False
7218,542100,昌都地区本级,False
4431,542121,昌都县,False
4433,542122,江达县,False
4435,542123,贡觉县,False
4437,542124,类乌齐县,False
4439,542125,丁青县,False
4441,542126,察雅县,False
4443,542127,八宿县,False
4445,542128,左贡县,False
4447,542129,芒康县,False
4449,542132,洛隆县,False
4451,542133,边坝县,False
7208,622900,临夏回族自治州本级,False
5441,622901,临夏市,False
5445,622921,临夏县,False
5449,622922,康乐县,False
5454,622923,永靖县,False
5458,622924,广河县,False
5462,622925,和政县,False
5466,622926,东乡族自治县,False
5470,622927,积石山保安族东乡族撒拉族自治县,False
5325,621000,庆阳市本级,False
5329,621002,西峰区,False
5332,621021,庆城县,False
5336,621022,环县,False
5340,621023,华池县,False
5344,621024,合水县,False
5349,621025,正宁县,False
5353,621026,宁县,False
5357,621027,镇原县,False
5397,621200,陇南市本级,False
5401,621202,武都区,False
5405,621221,成县,False
5409,621222,文县,False
5414,621223,宕昌县,False
5419,621224,康县,False
5423,621225,西和县,False
5427,621226,礼县,False
5431,621227,徽县,False
5434,621228,两当县,False
5362,621100,定西市本级,False
5366,621102,安定区,False
5371,621121,通渭县,False
5375,621122,陇西县,False
5379,621123,渭源县,False
5383,621124,临洮县,False
5388,621125,漳县,False
5392,621126,岷县,False
5292,620900,酒泉市本级,False
5296,620902,肃州区,False
5300,620921,金塔县,False
5304,620922,瓜州县,False
5308,620923,肃北蒙古族自治县,False
5312,620924,阿克塞哈萨克族自治县,False
5315,620981,玉门市,False
5319,620982,敦煌市,False
5259,620800,平凉市本级,False
5263,620802,崆峒区,False
5267,620821,泾川县,False
5271,620822,灵台县,False
5275,620823,崇信县,False
5279,620824,华亭县,False
5283,620825,庄浪县,False
5287,620826,静宁县,False
5141,620400,白银市本级,False
5145,620402,白银区,False
5149,620403,平川区,False
5154,620421,靖远县,False
5158,620422,会宁县,False
5163,620423,景泰县,False
5227,620700,张掖市本级,False
5231,620702,甘州区,False
5236,620721,肃南裕固族自治县,False
5240,620722,民乐县,False
5244,620723,临泽县,False
5248,620724,高台县,False
5253,620725,山丹县,False
5121,620200,嘉峪关市本级,False
5169,620500,天水市本级,False
5173,620502,秦州区,False
5177,620503,麦积区,False
5181,620521,清水县,False
5185,620522,秦安县,False
5189,620523,甘谷县,False
5193,620524,武山县,False
5198,620525,张家川回族自治县,False
5204,620600,武威市本级,False
5208,620602,凉州区,False
5212,620621,民勤县,False
5217,620622,古浪县,False
5221,620623,天祝藏族自治县,False
5128,620300,金昌市本级,False
5132,620302,金川区,False
5136,620321,永昌县,False
5083,620100,兰州市本级,False
5087,620102,城关区,False
5091,620103,七里河区,False
5095,620104,西固区,False
5099,620105,安宁区,False
5103,620111,红古区,False
5107,620121,永登县,False
5111,620122,皋兰县,False
5115,620123,榆中县,False
7244,532800,西双版纳傣族自治州本级,False
4352,532801,景洪市,False
4354,532822,勐海县,False
4356,532823,勐腊县,False
7242,532600,文山壮族苗族自治州本级,False
4335,532621,文山县,False
4337,532622,砚山县,False
4339,532623,西畴县,False
4341,532624,麻栗坡县,False
4343,532625,马关县,False
4345,532626,丘北县,False
4347,532627,广南县,False
4349,532628,富宁县,False
7246,532900,大理白族自治州本级,False
4359,532901,大理市,False
4361,532922,漾濞彝族自治县,False
4363,532923,祥云县,False
4365,532924,宾川县,False
4367,532925,弥渡县,False
4369,532926,南涧彝族自治县,False
4371,532927,巍山彝族回族自治县,False
4373,532928,永平县,False
4375,532929,云龙县,False
4377,532930,洱源县,False
4379,532931,剑川县,False
4381,532932,鹤庆县,False
7238,532300,楚雄彝族自治州本级,False
4287,532301,楚雄市,False
4289,532322,双柏县,False
4291,532323,牟定县,False
4293,532324,南华县,False
4295,532325,姚安县,False
4297,532326,大姚县,False
4299,532327,永仁县,False
4301,532328,元谋县,False
4303,532329,武定县,False
4232,530700,丽江市本级,False
4234,530702,古城区,False
4236,530721,玉龙纳西族自治县,False
4238,530722,永胜县,False
4240,530723,华坪县,False
4242,530724,宁蒗彝族自治县,False
4305,532331,禄丰县,False
4207,530600,昭通市本级,False
4209,530602,昭阳区,False
4211,530621,鲁甸县,False
4213,530622,巧家县,False
4215,530623,盐津县,False
4217,530624,大关县,False
4219,530625,永善县,False
4221,530626,绥江县,False
4223,530627,镇雄县,False
4225,530628,彝良县,False
4227,530629,威信县,False
7240,532500,红河哈尼族彝族自治州本级,False
4308,532501,个旧市,False
4310,532502,开远市,False
4312,532522,蒙自县,False
4314,532523,屏边苗族自治县,False
4316,532524,建水县,False
4318,532525,石屏县,False
4320,532526,弥勒县,False
4322,532527,泸西县,False
4324,532528,元阳县,False
4326,532529,红河县,False
4328,532530,金平苗族瑶族傣族自治县,False
4330,532531,绿春县,False
4332,532532,河口瑶族自治县,False
4268,530900,临沧市本级,False
4270,530902,临翔区,False
4272,530921,凤庆县,False
4274,530922,云县,False
4276,530923,永德县,False
4278,530924,镇康县,False
4280,530925,双江拉祜族佤族布朗族傣族自治县,False
4282,530926,耿马傣族佤族自治县,False
4284,530927,沧源佤族自治县,False
4245,530800,普洱市本级,False
4247,530802,思茅区,False
4249,530821,宁洱哈尼族彝族自治县,False
4251,530822,墨江哈尼族自治县,False
4253,530823,景东彝族自治县,False
4255,530824,景谷傣族彝族自治县,False
4257,530825,镇沅彝族哈尼族拉祜族自治县,False
4259,530826,江城哈尼族彝族自治县,False
4261,530827,孟连傣族拉祜族佤族自治县,False
4263,530828,澜沧拉祜族自治县,False
4265,530829,西盟佤族自治县,False
4229,530630,水富县,False
4173,530400,玉溪市本级,False
4175,530402,红塔区,False
4177,530421,江川县,False
4179,530422,澄江县,False
4181,530423,通海县,False
4183,530424,华宁县,False
4185,530425,易门县,False
4187,530426,峨山彝族自治县,False
4189,530427,新平彝族傣族自治县,False
4191,530428,元江哈尼族彝族傣族自治县,False
4194,530500,保山市本级,False
4196,530502,隆阳区,False
4198,530521,施甸县,False
4200,530522,腾冲县,False
4202,530523,龙陵县,False
4204,530524,昌宁县,False
4152,530300,曲靖市本级,False
4154,530302,麒麟区,False
4156,530321,马龙县,False
4158,530322,陆良县,False
4160,530323,师宗县,False
4162,530324,罗平县,False
4164,530325,富源县,False
4166,530326,会泽县,False
4168,530328,沾益县,False
4170,530381,宣威市,False
4121,530100,昆明市本级,False
4123,530102,五华区,False
4125,530103,盘龙区,False
4127,530111,官渡区,False
4129,530112,西山区,False
4131,530113,东川区,False
4133,530121,呈贡县,False
4135,530122,晋宁县,False
4137,530124,富民县,False
4139,530125,宜良县,False
4141,530126,石林彝族自治县,False
4143,530127,嵩明县,False
3992,520400,安顺市本级,False
3994,520402,西秀区,False
3996,520421,平坝县,False
3998,520422,普定县,False
4000,520423,镇宁布依族苗族自治县,False
4002,520424,关岭布依族苗族自治县,False
4004,520425,紫云苗族布依族自治县,False
7252,522600,黔东南苗族侗族自治州本级,False
4062,522601,凯里市,False
4064,522622,黄平县,False
4066,522623,施秉县,False
4068,522624,三穗县,False
4070,522625,镇远县,False
4072,522626,岑巩县,False
4074,522627,天柱县,False
4076,522628,锦屏县,False
4078,522629,剑河县,False
4080,522630,台江县,False
4082,522631,黎平县,False
4084,522632,榕江县,False
4086,522633,从江县,False
7144,522300,黔西南布依族苗族自治州本级,False
4028,522301,兴义市,False
4030,522322,兴仁县,False
4032,522323,普安县,False
4034,522324,晴隆县,False
4036,522325,贞丰县,False
4038,522326,望谟县,False
4040,522327,册亨县,False
4042,522328,安龙县,False
7254,522700,黔南布依族苗族自治州本级,False
4095,522701,都匀市,False
4097,522702,福泉市,False
4099,522722,荔波县,False
4101,522723,贵定县,False
4103,522725,瓮安县,False
4105,522726,独山县,False
4107,522727,平塘县,False
4109,522728,罗甸县,False
4111,522729,长顺县,False
4113,522730,龙里县,False
7146,522400,毕节地区本级,False
4045,522401,毕节市,False
4047,522422,大方县,False
4049,522423,黔西县,False
4051,522424,金沙县,False
4053,522425,织金县,False
4055,522426,纳雍县,False
4057,522427,威宁彝族回族苗族自治县,False
4059,522428,赫章县,False
7142,522200,铜仁地区本级,False
4007,522201,铜仁市,False
4009,522222,江口县,False
4011,522223,玉屏侗族自治县,False
4013,522224,石阡县,False
4015,522225,思南县,False
4017,522226,印江土家族苗族自治县,False
4019,522227,德江县,False
4021,522228,沿河土家族自治县,False
4023,522229,松桃苗族自治县,False
4025,522230,万山特区,False
4145,530128,禄劝彝族苗族自治县,False
4147,530129,寻甸回族彝族自治县,False
4149,530181,安宁市,False
4088,522634,雷山县,False
4090,522635,麻江县,False
4092,522636,丹寨县,False
4115,522731,惠水县,False
4117,522732,三都水族自治县,False
7184,654300,阿勒泰地区本级,False
6209,654301,阿勒泰市,False
6213,654321,布尔津县,False
6217,654322,富蕴县,False
6222,654323,福海县,False
6226,654324,哈巴河县,False
6230,654325,青河县,False
6234,654326,吉木乃县,False
7140,520200,六盘水市本级,False
3952,520201,钟山区,False
3954,520203,六枝特区,False
3956,520221,水城县,False
3958,520222,盘县,False
3961,520300,遵义市本级,False
3963,520302,红花岗区,False
3965,520303,汇川区,False
3967,520321,遵义县,False
3969,520322,桐梓县,False
3971,520323,绥阳县,False
3973,520324,正安县,False
3975,520325,道真仡佬族苗族自治县,False
3977,520326,务川仡佬族苗族自治县,False
3979,520327,凤冈县,False
3981,520328,湄潭县,False
3983,520329,余庆县,False
3985,520330,习水县,False
3987,520381,赤水市,False
5775,640400,固原市本级,False
5779,640402,原州区,False
5783,640422,西吉县,False
5788,640423,隆德县,False
5792,640424,泾源县,False
5796,640425,彭阳县,False
5753,640300,吴忠市本级,False
5756,640302,利通区,False
7988,640303,红寺堡区,False
5760,640323,盐池县,False
5764,640324,同心县,False
5768,640381,青铜峡市,False
5735,640200,石嘴山市本级,False
5739,640202,大武口区,False
5743,640205,惠农区,False
5747,640221,平罗县,False
3929,520100,贵阳市本级,False
3931,520102,南明区,False
3933,520103,云岩区,False
3935,520111,花溪区,False
3937,520112,乌当区,False
3939,520113,白云区,False
3941,520114,小河区,False
3943,520121,开阳县,False
3945,520122,息烽县,False
3947,520123,修文县,False
3949,520181,清镇市,False
5705,640100,银川市本级,False
5709,640104,兴庆区,False
5714,640105,西夏区,False
5718,640106,金凤区,False
5722,640121,永宁县,False
5726,640122,贺兰县,False
5729,640181,灵武市,False
3989,520382,仁怀市,False
7248,654000,伊犁哈萨克自治州本级,False
6137,654002,伊宁市,False
6140,654003,奎屯市,False
6144,654021,伊宁县,False
6149,654022,察布查尔锡伯自治县,False
6154,654023,霍城县,False
6158,654024,巩留县,False
6161,654025,新源县,False
6165,654026,昭苏县,False
6169,654027,特克斯县,False
6174,654028,尼勒克县,False
7174,652800,巴音郭楞蒙古自治州本级,False
5957,652801,库尔勒市,False
5960,652822,轮台县,False
5964,652823,尉犁县,False
5968,652824,若羌县,False
5972,652825,且末县,False
5976,652826,焉耆回族自治县,False
5980,652827,和静县,False
5984,652828,和硕县,False
5988,652829,博湖县,False
7182,653200,和田地区本级,False
6102,653201,和田市,False
6106,653221,和田县,False
6111,653222,墨玉县,False
6115,653223,皮山县,False
6118,653224,洛浦县,False
6123,653225,策勒县,False
6127,653226,于田县,False
6130,653227,民丰县,False
7250,654200,塔城地区本级,False
6180,654201,塔城市,False
6184,654202,乌苏市,False
6188,654221,额敏县,False
6191,654223,沙湾县,False
6195,654224,托里县,False
6200,654225,裕民县,False
6204,654226,和布克赛尔蒙古自治县,False
7180,653100,喀什地区本级,False
6052,653101,喀什市,False
6056,653121,疏附县,False
6060,653122,疏勒县,False
6064,653123,英吉沙县,False
6067,653124,泽普县,False
6071,653125,莎车县,False
6076,653126,叶城县,False
6080,653127,麦盖提县,False
6084,653128,岳普湖县,False
6088,653129,伽师县,False
6092,653130,巴楚县,False
6097,653131,塔什库尔干塔吉克自治县,False
7176,652900,阿克苏地区本级,False
5994,652901,阿克苏市,False
5997,652922,温宿县,False
6001,652923,库车县,False
6005,652924,沙雅县,False
6010,652925,新和县,False
6014,652926,拜城县,False
6018,652927,乌什县,False
6023,652928,阿瓦提县,False
6027,652929,柯坪县,False
7172,652700,博尔塔拉蒙古自治州本级,False
5942,652701,博乐市,False
5947,652722,精河县,False
5951,652723,温泉县,False
7178,653000,克孜勒苏柯尔克孜自治州本级,False
6033,653001,阿图什市,False
6037,653022,阿克陶县,False
6041,653023,阿合奇县,False
6045,653024,乌恰县,False
7190,652300,昌吉回族自治州本级,False
5911,652301,昌吉市,False
5915,652302,阜康市,False
5919,652323,呼图壁县,False
5923,652324,玛纳斯县,False
5927,652325,奇台县,False
5931,652327,吉木萨尔县,False
5936,652328,木垒哈萨克自治县,False
4947,610800,榆林市本级,False
4951,610802,榆阳区,False
4955,610821,神木县,False
4959,610822,府谷县,False
4963,610823,横山县,False
4967,610824,靖边县,False
4971,610825,定边县,False
4975,610826,绥德县,False
4979,610827,米脂县,False
4983,610828,佳县,False
4988,610829,吴堡县,False
4992,610830,清涧县,False
4996,610831,子洲县,False
4898,610700,汉中市本级,False
4902,610702,汉台区,False
4906,610721,南郑县,False
4910,610722,城固县,False
4914,610723,洋县,False
4918,610724,西乡县,False
4922,610725,勉县,False
4925,610726,宁强县,False
4929,610727,略阳县,False
4933,610728,镇巴县,False
4937,610729,留坝县,False
4941,610730,佛坪县,False
5001,610900,安康市本级,False
5005,610902,汉滨区,False
5009,610921,汉阴县,False
5013,610922,石泉县,False
5017,610923,宁陕县,False
5021,610924,紫阳县,False
5025,610925,岚皋县,False
5029,610926,平利县,False
5033,610927,镇坪县,False
7188,652200,哈密地区本级,False
5897,652201,哈密市,False
5901,652222,巴里坤哈萨克自治县,False
5905,652223,伊吾县,False
7186,652100,吐鲁番地区本级,False
5884,652101,吐鲁番市,False
5888,652122,鄯善县,False
5892,652123,托克逊县,False
4839,610600,延安市本级,False
4843,610602,宝塔区,False
4847,610621,延长县,False
4851,610622,延川县,False
4855,610623,子长县,False
4859,610624,安塞县,False
4863,610625,志丹县,False
4866,610626,吴起县,False
4871,610627,甘泉县,False
4876,610628,富县,False
5822,650100,乌鲁木齐市本级,False
5827,650102,天山区,False
5831,650103,沙依巴克区,False
5835,650104,新市区,False
5840,650105,水磨沟区,False
5843,650106,头屯河区,False
5847,650107,达坂城区,False
5851,650109,米东区,False
5856,650121,乌鲁木齐县,False
5862,650200,克拉玛依市本级,False
5866,650202,独山子区,False
5870,650203,克拉玛依区,False
5874,650204,白碱滩区,False
5878,650205,乌尔禾区,False
5037,610928,旬阳县,False
5041,610929,白河县,False
4880,610629,洛川县,False
4884,610630,宜川县,False
4888,610631,黄龙县,False
4891,610632,黄陵县,False
4788,610500,渭南市本级,False
4792,610502,临渭区,False
4796,610521,华县,False
4800,610522,潼关县,False
4804,610523,大荔县,False
4808,610524,合阳县,False
4811,610525,澄城县,False
4815,610526,蒲城县,False
4819,610527,白水县,False
4823,610528,富平县,False
4828,610581,韩城市,False
4832,610582,华阴市,False
4726,610400,咸阳市本级,False
4730,610402,秦都区,False
4734,610403,杨凌区,False
4738,610404,渭城区,False
4741,610422,三原县,False
4745,610423,泾阳县,False
4749,610424,乾县,False
4753,610425,礼泉县,False
4757,610426,永寿县,False
4761,610427,彬县,False
4765,610428,长武县,False
4769,610429,旬邑县,False
4773,610430,淳化县,False
4778,610431,武功县,False
4782,610481,兴平市,False
7166,661300,农十三师本级,False
7086,661301,红星一场,False
7088,661302,红星二场,False
7090,661303,红星三场,False
7092,661304,红星四场,False
7094,661305,黄田农场,False
7096,661306,火箭农场,False
7098,661307,柳树泉农场,False
7100,661308,红山农场,False
7102,661309,淖毛湖农场,False
7104,661310,红星一牧场,False
7106,661311,红星二牧场,False
7108,661312,师直,False
4591,610100,西安市本级,False
4594,610102,新城区,False
4599,610103,碑林区,False
4603,610104,莲湖区,False
4607,610111,灞桥区,False
4611,610112,未央区,False
4614,610113,雁塔区,False
4619,610114,阎良区,False
4623,610115,临潼区,False
4627,610116,长安区,False
4631,610122,蓝田县,False
4636,610124,周至县,False
4640,610125,户县,False
4644,610126,高陵县,False
7170,661500,兵直本级,False
7120,661501,222团,False
4650,610200,铜川市本级,False
4654,610202,王益区,False
4658,610203,印台区,False
4662,610204,耀州区,False
4666,610222,宜君县,False
7168,661400,农十四师本级,False
7111,661401,皮山农场,False
7113,661402,47团,False
7115,661403,一牧场,False
7117,661404,224团,False
4672,610300,宝鸡市本级,False
4676,610302,渭滨区,False
4680,610303,金台区,False
4684,610304,陈仓区,False
4688,610322,凤翔县,False
4692,610323,岐山县,False
4696,610324,扶风县,False
4700,610326,眉县,False
4704,610327,陇县,False
7270,660500,农五师本级,False
6862,660501,81团,False
6864,660502,82团,False
6866,660503,83团,False
6868,660504,84团,False
6870,660505,85团,False
6872,660506,86团,False
6874,660507,87团,False
6876,660508,88团,False
6878,660509,89团,False
7156,660700,农七师本级,False
6928,660701,123团,False
6930,660702,124团,False
6932,660703,125团,False
6934,660704,126团,False
6936,660705,127团,False
6938,660706,128团,False
6940,660707,129团,False
6942,660708,130团,False
6944,660709,131团,False
6946,660710,137团,False
6948,660711,师直,False
7164,661200,农十二师本级,False
7067,661201,104团,False
7069,661202,五一农场,False
7071,661203,三坪农场,False
7073,661204,头屯河农场,False
7075,661205,养禽场,False
7077,661206,西山牧场,False
7079,661207,221团,False
7081,661208,合作分区,False
7162,661000,农十师本级,False
7031,661001,181团,False
7033,661002,182团,False
7035,661003,183团,False
7037,661004,184团,False
7039,661005,185团,False
7041,661006,186团,False
7043,661007,187团,False
7045,661008,188团,False
7047,661009,189团,False
7049,661010,190团,False
7051,661011,青河农场,False
7053,661012,煤矿,False
7055,661013,师直北屯,False
7057,661014,一矿,False
7160,660900,农九师本级,False
7006,660901,师直,False
7008,660902,161团,False
7010,660903,162团,False
7012,660904,163团,False
7014,660905,164团,False
7016,660906,165团,False
7018,660907,166团,False
7020,660908,167团,False
7022,660909,168团,False
7024,660910,169团,False
7158,660800,农八师本级,False
6955,660801,121团,False
6957,660802,122团,False
6959,660803,132团,False
6961,660804,133团,False
6963,660805,134团,False
6965,660806,135团,False
6967,660807,136团,False
6969,660808,141团,False
6971,660809,142团,False
6973,660810,143团,False
6975,660811,144团,False
6977,660812,石总场,False
6979,660813,147团,False
6981,660814,148团,False
7134,661100,建工师本级,False
7154,660600,农六师本级,False
6887,660601,101团,False
6889,660602,102团,False
6891,660603,103团,False
6893,660604,105团,False
6895,660605,106团,False
6897,660606,107团,False
6899,660607,108团,False
6901,660608,109团,False
4708,610328,千阳县,False
4712,610329,麟游县,False
4716,610330,凤县,False
4720,610331,太白县,False
6880,660510,90团,False
6882,660511,91团,False
6884,660512,师直,False
6950,660712,奎屯天北新区,False
6952,660713,红山煤矿,False
7152,660300,农三师本级,False
6768,660301,41团,False
6770,660302,42团,False
6772,660303,43团,False
6774,660304,44团,False
6776,660305,45团,False
6778,660306,46团,False
6780,660308,48团,False
6782,660309,49团,False
6784,660310,50团,False
6786,660311,51团,False
6788,660312,52团,False
6790,660313,53团,False
6792,660314,工程团,False
6794,660315,小海子水管处,False
6796,660316,东风农场,False
7268,660400,农四师本级,False
6815,660401,61团,False
6817,660402,62团,False
6819,660403,63团,False
6821,660404,64团,False
6823,660405,65团,False
6825,660406,66团,False
6827,660407,67团,False
6829,660408,68团,False
6831,660409,69团,False
6833,660410,70团,False
6835,660411,71团,False
7083,661209,红岩水库,False
7059,661015,二矿,False
7061,661016,三矿,False
7063,661017,四矿,False
7026,660911,170团,False
7028,660912,团结农场,False
6983,660815,149团,False
6985,660816,150团,False
6987,660817,151团,False
6989,660818,152团,False
6991,660819,南山矿区,False
6993,660820,玛管处,False
6995,660821,巴管处,False
6997,660822,其他单位,False
6999,660823,红旗农场,False
7001,660824,东城,False
6903,660609,110团,False
6905,660610,111团,False
6907,660611,新湖农场,False
6909,660612,芳草湖农场,False
6911,660613,军户农场,False
6913,660614,共青团农场,False
6915,660615,六运湖农场,False
6917,660616,土墩子农场,False
6919,660617,红旗农场,False
7150,660200,农二师本级,False
6719,660201,21团,False
6721,660202,22团,False
6723,660203,23团,False
6725,660204,24团,False
6727,660205,25团,False
6729,660206,26团,False
6731,660207,27团,False
6733,660208,28团,False
6735,660209,29团,False
7148,660100,农一师本级,False
6672,660101,1团,False
6674,660102,2团,False
6676,660103,3团,False
6678,660104,4团,False
6680,660105,5团,False
6682,660106,6团,False
6684,660107,7团,False
6686,660108,8团,False
6688,660109,9团,False
6690,660110,10团,False
6798,660317,师直,False
6800,660318,红旗农场,False
6802,660319,前进水管处,False
6804,660320,莎车农场,False
6806,660321,托运牧场,False
6808,660322,叶城牧场,False
6810,660323,伽师总场,False
6812,660324,永安坝,False
6837,660412,72团,False
6839,660413,73团,False
6841,660414,74团,False
6843,660415,75团,False
6845,660416,76团,False
6847,660417,77团,False
6849,660418,78团,False
6851,660419,79团,False
6853,660420,工矿厂,False
6855,660421,拜什墩农场,False
6857,660422,良繁场,False
7003,660825,南区,False
6921,660618,奇台农场,False
6923,660619,北塔山农场,False
6925,660620,师直,False
6737,660210,30团,False
6739,660211,31团,False
6741,660212,32团,False
6743,660213,33团,False
6745,660214,34团,False
6747,660215,35团,False
6749,660216,36团,False
6751,660217,223团,False
6753,660218,师直,False
6755,660219,塔里木水管处,False
6692,660111,11团,False
6694,660112,12团,False
6696,660113,13团,False
6698,660114,14团,False
6700,660115,15团,False
6702,660116,16团,False
6704,660117,建安总公司,False
6706,660118,水电工程处,False
6708,660119,塔水处,False
6710,660120,沙水处,False
6712,660121,阿管局,False
6714,660122,沙管局,False
6716,660123,西工区,False
6859,660423,师直,False
6757,660220,且末支队,False
6759,660221,18团水管处,False
6761,660222,38团,False
6763,660223,工二团,False
6765,660224,工四团,False
1,,中国,False
5575,140400,长治市本级,False
5579,140402,城区,False
5583,140411,郊区,False
5587,140421,长治县,False
5591,140423,襄垣县,False
5595,140424,屯留县,False
5599,140425,平顺县,False
5603,140426,黎城县,False
5607,140427,壶关县,False
5611,140428,长子县,False
5615,140429,武乡县,False
5619,140430,沁县,False
5633,140500,晋城市本级,False
5637,140502,城区,False
5641,140521,沁水县,False
5645,140522,阳城县,False
5649,140524,陵川县,False
5653,140525,泽州县,False
5657,140581,高平市,False
5623,140431,沁源县,False
5627,140481,潞城市,False
5935,141100,吕梁市本级,False
5940,141102,离石区,False
5943,141121,文水县,False
5946,141122,交城县,False
5950,141123,兴县,False
5954,141124,临县,False
5958,141125,柳林县,False
5963,141126,石楼县,False
5967,141127,岚县,False
5971,141128,方山县,False
5975,141129,中阳县,False
5979,141130,交口县,False
5983,141181,孝义市,False
5987,141182,汾阳市,False
5861,141000,临汾市本级,False
5865,141002,尧都区,False
5869,141021,曲沃县,False
5873,141022,翼城县,False
5877,141023,襄汾县,False
5881,141024,洪洞县,False
5885,141025,古县,False
5889,141026,安泽县,False
5894,141027,浮山县,False
5898,141028,吉县,False
5902,141029,乡宁县,False
5906,141030,大宁县,False
5801,140900,忻州市本级,False
5805,140902,忻府区,False
5809,140921,定襄县,False
5813,140922,五台县,False
5817,140923,代县,False
5821,140924,繁峙县,False
5824,140925,宁武县,False
5828,140926,静乐县,False
5832,140927,神池县,False
5836,140928,五寨县,False
5839,140929,岢岚县,False
5844,140930,河曲县,False
5848,140931,保德县,False
5852,140932,偏关县,False
5744,140800,运城市本级,False
5748,140802,盐湖区,False
5752,140821,临猗县,False
5757,140822,万荣县,False
5761,140823,闻喜县,False
5765,140824,稷山县,False
5769,140825,新绛县,False
5773,140826,绛县,False
5776,140827,垣曲县,False
5780,140828,夏县,False
5784,140829,平陆县,False
5787,140830,芮城县,False
5791,140881,永济市,False
5795,140882,河津市,False
5663,140600,朔州市本级,False
5667,140602,朔城区,False
5671,140603,平鲁区,False
5675,140621,山阴县,False
5679,140622,应县,False
5683,140623,右玉县,False
5688,140624,怀仁县,False
5910,141031,隰县,False
5914,141032,永和县,False
5918,141033,蒲县,False
5922,141034,汾西县,False
5926,141081,侯马市,False
5930,141082,霍州市,False
5694,140700,晋中市本级,False
5698,140702,榆次区,False
5702,140721,榆社县,False
5706,140722,左权县,False
5710,140723,和顺县,False
5713,140724,昔阳县,False
5717,140725,寿阳县,False
5721,140726,太谷县,False
5725,140727,祁县,False
5730,140728,平遥县,False
5734,140729,灵石县,False
5738,140781,介休市,False
5855,140981,原平市,False
5499,140200,大同市本级,False
5503,140202,城区,False
5507,140203,矿区,False
5510,140211,南郊区,False
5514,140212,新荣区,False
5518,140221,阳高县,False
5523,140222,天镇县,False
5527,140223,广灵县,False
5531,140224,灵丘县,False
5535,140225,浑源县,False
5539,140226,左云县,False
5543,140227,大同县,False
6268,150800,巴彦淖尔市本级,False
6270,150802,临河区,False
6272,150821,五原县,False
6274,150822,磴口县,False
6276,150823,乌拉特前旗,False
6278,150824,乌拉特中旗,False
6280,150825,乌拉特后旗,False
6282,150826,杭锦后旗,False
6285,150900,乌兰察布市本级,False
6287,150902,集宁区,False
6289,150921,卓资县,False
6291,150922,化德县,False
6293,150923,商都县,False
6295,150924,兴和县,False
6297,150925,凉城县,False
6299,150926,察哈尔右翼前旗,False
6301,150927,察哈尔右翼中旗,False
6303,150928,察哈尔右翼后旗,False
6305,150929,四子王旗,False
5453,140100,太原市本级,False
5457,140105,小店区,False
5461,140106,迎泽区,False
5465,140107,杏花岭区,False
5469,140108,尖草坪区,False
5473,140109,万柏林区,False
5477,140110,晋源区,False
5481,140121,清徐县,False
5485,140122,阳曲县,False
5489,140123,娄烦县,False
5493,140181,古交市,False
5549,140300,阳泉市本级,False
5553,140302,城区,False
5557,140303,矿区,False
5561,140311,郊区,False
5565,140321,平定县,False
5569,140322,盂县,False
7196,152900,阿拉善盟本级,False
6348,152921,阿拉善左旗,False
6350,152922,阿拉善右旗,False
6352,152923,额济纳旗,False
4689,120221,宁河县,False
4693,120223,静海县,False
4697,120225,蓟县,False
7194,152500,锡林郭勒盟本级,False
6323,152501,二连浩特市,False
6325,152502,锡林浩特市,False
6327,152522,阿巴嘎旗,False
6329,152523,苏尼特左旗,False
6331,152524,苏尼特右旗,False
6333,152525,东乌珠穆沁旗,False
6335,152526,西乌珠穆沁旗,False
6337,152527,太仆寺旗,False
6339,152528,镶黄旗,False
6341,152529,正镶白旗,False
6343,152530,正蓝旗,False
6345,152531,多伦县,False
7128,120100,天津市本级,False
4628,120101,和平区,False
4632,120102,河东区,False
4635,120103,河西区,False
4639,120104,南开区,False
4643,120105,河北区,False
4647,120106,红桥区,False
4651,120107,塘沽区,False
4655,120108,汉沽区,False
4659,120109,大港区,False
4663,120110,东丽区,False
4667,120111,西青区,False
4671,120112,津南区,False
4675,120113,北辰区,False
4679,120114,武清区,False
4683,120115,宝坻区,False
7192,152200,兴安盟本级,False
6310,152201,乌兰浩特市,False
6312,152202,阿尔山市,False
6314,152221,科尔沁右翼前旗,False
6316,152222,科尔沁右翼中旗,False
6318,152223,扎赉特旗,False
6320,152224,突泉县,False
5404,131100,衡水市本级,False
5408,131102,桃城区,False
5411,131121,枣强县,False
5415,131122,武邑县,False
5418,131123,武强县,False
5422,131124,饶阳县,False
5426,131125,安平县,False
5430,131126,故城县,False
5435,131127,景县,False
5439,131128,阜城县,False
5442,131181,冀州市,False
5446,131182,深州市,False
6307,150981,丰镇市,False
5166,130700,张家口市本级,False
5170,130702,桥东区,False
5174,130703,桥西区,False
5178,130705,宣化区,False
5182,130706,下花园区,False
5186,130721,宣化县,False
5190,130722,张北县,False
5194,130723,康保县,False
5197,130724,沽源县,False
5201,130725,尚义县,False
5205,130726,蔚县,False
5209,130727,阳原县,False
5213,130728,怀安县,False
5216,130729,万全县,False
5220,130730,怀来县,False
7978,120116,滨海新区,False
5062,130600,保定市本级,False
5066,130602,新市区,False
5070,130603,北市区,False
5074,130604,南市区,False
5078,130621,满城县,False
5082,130622,清苑县,False
5086,130623,涞水县,False
5090,130624,阜平县,False
5094,130625,徐水县,False
5286,130900,沧州市本级,False
5291,130902,新华区,False
5295,130903,运河区,False
5299,130921,沧县,False
5303,130922,青县,False
5307,130923,东光县,False
5311,130924,海兴县,False
5316,130925,盐山县,False
5321,130926,肃宁县,False
5324,130927,南皮县,False
5328,130928,吴桥县,False
5333,130929,献县,False
5358,131000,廊坊市本级,False
5363,131002,安次区,False
5367,131003,广阳区,False
5370,131022,固安县,False
5374,131023,永清县,False
5378,131024,香河县,False
5382,131025,大城县,False
5386,131026,文安县,False
5389,131028,大厂回族自治县,False
5393,131081,霸州市,False
5398,131082,三河市,False
4980,130500,邢台市本级,False
4984,130502,桥东区,False
4987,130503,桥西区,False
4991,130521,邢台县,False
4995,130522,临城县,False
5000,130523,内丘县,False
5004,130524,柏乡县,False
5008,130525,隆尧县,False
5012,130526,任县,False
5016,130527,南和县,False
5224,130731,涿鹿县,False
5228,130732,赤城县,False
5232,130733,崇礼县,False
4803,130200,唐山市本级,False
4807,130202,路南区,False
4812,130203,路北区,False
4816,130204,古冶区,False
4820,130205,开平区,False
4824,130207,丰南区,False
4827,130208,丰润区,False
4831,130223,滦县,False
4835,130224,滦南县,False
4838,130225,乐亭县,False
4842,130227,迁西县,False
4846,130229,玉田县,False
4850,130230,唐海县,False
4854,130281,遵化市,False
4858,130283,迁安市,False
5237,130800,承德市本级,False
5241,130802,双桥区,False
5245,130803,双滦区,False
5249,130804,鹰手营子矿区,False
5252,130821,承德县,False
5256,130822,兴隆县,False
5260,130823,平泉县,False
5264,130824,滦平县,False
5268,130825,隆化县,False
5272,130826,丰宁满族自治县,False
5276,130827,宽城满族自治县,False
5280,130828,围场满族蒙古族自治县,False
4897,130400,邯郸市本级,False
4901,130402,邯山区,False
4905,130403,丛台区,False
4909,130404,复兴区,False
4913,130406,峰峰矿区,False
4917,130421,邯郸县,False
4921,130423,临漳县,False
4926,130424,成安县,False
4930,130425,大名县,False
4934,130426,涉县,False
4938,130427,磁县,False
4942,130428,肥乡县,False
4946,130429,永年县,False
4864,130300,秦皇岛市本级,False
4868,130302,海港区,False
4872,130303,山海关区,False
4875,130304,北戴河区,False
4879,130321,青龙满族自治县,False
4883,130322,昌黎县,False
4887,130323,抚宁县,False
4892,130324,卢龙县,False
5098,130626,定兴县,False
5102,130627,唐县,False
5106,130628,高阳县,False
5110,130629,容城县,False
5114,130630,涞源县,False
5118,130631,望都县,False
5122,130632,安新县,False
5126,130633,易县,False
5129,130634,曲阳县,False
5133,130635,蠡县,False
5137,130636,顺平县,False
5142,130637,博野县,False
5146,130638,雄县,False
5150,130681,涿州市,False
5153,130682,定州市,False
5157,130683,安国市,False
5337,130930,孟村回族自治县,False
5341,130981,泊头市,False
5345,130982,任丘市,False
5348,130983,黄骅市,False
5352,130984,河间市,False
5020,130528,宁晋县,False
5024,130529,巨鹿县,False
5028,130530,新河县,False
5032,130531,广宗县,False
5036,130532,平乡县,False
5040,130533,威县,False
5044,130534,清河县,False
5048,130535,临西县,False
5052,130581,南宫市,False
5056,130582,沙河市,False
4616,110228,密云县,False
4620,110229,延庆县,False
7126,110100,北京市本级,False
4549,110101,东城区,False
4553,110102,西城区,False
4557,110103,崇文区,False
4562,110104,宣武区,False
4566,110105,朝阳区,False
4569,110106,丰台区,False
4574,110107,石景山区,False
4578,110108,海淀区,False
4583,110109,门头沟区,False
4587,110111,房山区,False
4590,110112,通州区,False
4595,110113,顺义区,False
4598,110114,昌平区,False
4602,110115,大兴区,False
6223,150700,呼伦贝尔市本级,False
6227,150702,海拉尔区,False
6232,150721,阿荣旗,False
6235,150722,莫力达瓦达斡尔族自治旗,False
6240,150723,鄂伦春自治旗,False
6243,150724,鄂温克族自治旗,False
6247,150725,陈巴尔虎旗,False
6251,150726,新巴尔虎左旗,False
6255,150727,新巴尔虎右旗,False
6257,150781,满洲里市,False
6259,150782,牙克石市,False
6261,150783,扎兰屯市,False
6263,150784,额尔古纳市,False
6265,150785,根河市,False
4950,130430,邱县,False
4954,130431,鸡泽县,False
4958,130432,广平县,False
4962,130433,馆陶县,False
4966,130434,魏县,False
4970,130435,曲周县,False
4974,130481,武安市,False
5161,130684,高碑店市,False
4606,110116,怀柔区,False
4610,110117,平谷区,False
6185,150600,鄂尔多斯市本级,False
6189,150602,东胜区,False
6194,150621,达拉特旗,False
6198,150622,准格尔旗,False
6201,150623,鄂托克前旗,False
6205,150624,鄂托克旗,False
6210,150625,杭锦旗,False
6214,150626,乌审旗,False
6218,150627,伊金霍洛旗,False
6148,150500,通辽市本级,False
6151,150502,科尔沁区,False
6155,150521,科尔沁左翼中旗,False
6159,150522,科尔沁左翼后旗,False
6164,150523,开鲁县,False
6168,150524,库伦旗,False
6172,150525,奈曼旗,False
6175,150526,扎鲁特旗,False
6179,150581,霍林郭勒市,False
6094,150400,赤峰市本级,False
6099,150402,红山区,False
6103,150403,元宝山区,False
6107,150404,松山区,False
6110,150421,阿鲁科尔沁旗,False
6114,150422,巴林左旗,False
6119,150423,巴林右旗,False
6122,150424,林西县,False
6126,150425,克什克腾旗,False
6131,150426,翁牛特旗,False
6077,150300,乌海市本级,False
6081,150302,海勃湾区,False
6085,150303,海南区,False
6089,150304,乌达区,False
4705,130100,石家庄市本级,False
4709,130102,长安区,False
4713,130103,桥东区,False
4717,130104,桥西区,False
4721,130105,新华区,False
4725,130107,井陉矿区,False
4729,130108,裕华区,False
4733,130121,井陉县,False
4737,130123,正定县,False
4742,130124,栾城县,False
4746,130125,行唐县,False
4750,130126,灵寿县,False
6583,211400,葫芦岛市本级,False
6585,211402,连山区,False
6587,211403,龙港区,False
6589,211404,南票区,False
6591,211421,绥中县,False
6593,211422,建昌县,False
6595,211481,兴城市,False
6134,150428,喀喇沁旗,False
6139,150429,宁城县,False
6143,150430,敖汉旗,False
4754,130127,高邑县,False
4758,130128,深泽县,False
4762,130129,赞皇县,False
4766,130130,无极县,False
4770,130131,平山县,False
4774,130132,元氏县,False
4777,130133,赵县,False
4781,130181,辛集市,False
4785,130182,藁城市,False
4789,130183,晋州市,False
4793,130184,新乐市,False
4797,130185,鹿泉市,False
6566,211300,朝阳市本级,False
6568,211302,双塔区,False
6570,211303,龙城区,False
6572,211321,朝阳县,False
6574,211322,建平县,False
6576,211324,喀喇沁左翼蒙古族自治县,False
6578,211381,北票市,False
6580,211382,凌源市,False
6549,211200,铁岭市本级,False
6551,211202,银州区,False
6553,211204,清河区,False
6555,211221,铁岭县,False
6557,211223,西丰县,False
6559,211224,昌图县,False
6561,211281,调兵山市,False
6563,211282,开原市,False
6538,211100,盘锦市本级,False
6540,211102,双台子区,False
6542,211103,兴隆台区,False
6544,211121,大洼县,False
6546,211122,盘山县,False
6521,211000,辽阳市本级,False
6523,211002,白塔区,False
6525,211003,文圣区,False
6527,211004,宏伟区,False
6529,211005,弓长岭区,False
6531,211011,太子河区,False
6533,211021,辽阳县,False
6535,211081,灯塔市,False
6504,210900,阜新市本级,False
6506,210902,海州区,False
6508,210903,新邱区,False
6510,210904,太平区,False
6512,210905,清河门区,False
6514,210911,细河区,False
6516,210921,阜新蒙古族自治县,False
6518,210922,彰武县,False
5995,150100,呼和浩特市本级,False
6000,150102,新城区,False
6004,150103,回民区,False
6008,150104,玉泉区,False
6011,150105,赛罕区,False
6015,150121,土默特左旗,False
6019,150122,托克托县,False
6022,150123,和林格尔县,False
6026,150124,清水河县,False
6030,150125,武川县,False
6036,150200,包头市本级,False
6040,150202,东河区,False
6044,150203,昆都仑区,False
6048,150204,青山区,False
6051,150205,石拐区,False
6055,150206,白云矿区,False
6059,150207,九原区,False
6063,150221,土默特右旗,False
6068,150222,固阳县,False
6072,150223,达尔罕茂明安联合旗,False
6489,210800,营口市本级,False
6491,210802,站前区,False
6493,210803,西市区,False
6495,210804,鲅鱼圈区,False
6497,210811,老边区,False
6499,210881,盖州市,False
6501,210882,大石桥市,False
6442,210500,本溪市本级,False
6444,210502,平山区,False
6446,210503,溪湖区,False
6448,210504,明山区,False
6450,210505,南芬区,False
6452,210521,本溪满族自治县,False
6454,210522,桓仁满族自治县,False
6425,210400,抚顺市本级,False
6427,210402,新抚区,False
6429,210403,东洲区,False
6431,210404,望花区,False
6433,210411,顺城区,False
6435,210421,抚顺县,False
6437,210422,新宾满族自治县,False
6439,210423,清原满族自治县,False
6408,210300,鞍山市本级,False
6410,210302,铁东区,False
6412,210303,铁西区,False
6414,210304,立山区,False
6416,210311,千山区,False
6418,210321,台安县,False
6420,210323,岫岩满族自治县,False
6422,210381,海城市,False
6385,210200,大连市本级,False
6387,210202,中山区,False
6389,210203,西岗区,False
6391,210204,沙河口区,False
6393,210211,甘井子区,False
6395,210212,旅顺口区,False
6397,210213,金州区,False
6399,210224,长海县,False
6401,210281,瓦房店市,False
6403,210282,普兰店市,False
6405,210283,庄河市,False
6457,210600,丹东市本级,False
6459,210602,元宝区,False
6461,210603,振兴区,False
6463,210604,振安区,False
6465,210624,宽甸满族自治县,False
6467,210681,东港市,False
6469,210682,凤城市,False
19,220600,白山市本级,False
21,220602,八道江区,False
23,220605,江源区,False
25,220621,抚松县,False
27,220622,靖宇县,False
29,220623,长白朝鲜族自治县,False
31,220681,临江市,False
6669,220500,通化市本级,False
4,220502,东昌区,False
6,220503,二道江区,False
8,220521,通化县,False
10,220523,辉南县,False
12,220524,柳河县,False
14,220581,梅河口市,False
16,220582,集安市,False
6356,210100,沈阳市本级,False
6358,210102,和平区,False
6360,210103,沈河区,False
6362,210104,大东区,False
6364,210105,皇姑区,False
6366,210106,铁西区,False
6368,210111,苏家屯区,False
6370,210112,东陵区,False
6372,210113,沈北新区,False
6374,210114,于洪区,False
6472,210700,锦州市本级,False
6474,210702,古塔区,False
6476,210703,凌河区,False
6478,210711,太和区,False
6480,210726,黑山县,False
6482,210727,义县,False
6484,210781,凌海市,False
6486,210782,北镇市,False
7138,222400,延边朝鲜族自治州本级,False
60,222401,延吉市,False
62,222402,图们市,False
64,222403,敦化市,False
66,222404,珲春市,False
68,222405,龙井市,False
70,222406,和龙市,False
72,222424,汪清县,False
74,222426,安图县,False
6376,210122,辽中县,False
6378,210123,康平县,False
6380,210124,法库县,False
6382,210181,新民市,False
47,220800,白城市本级,False
49,220802,洮北区,False
51,220821,镇赉县,False
53,220822,通榆县,False
55,220881,洮南市,False
57,220882,大安市,False
34,220700,松原市本级,False
36,220702,宁江区,False
38,220721,前郭尔罗斯蒙古族自治县,False
40,220722,长岭县,False
42,220723,乾安县,False
44,220724,扶余县,False
6643,220300,四平市本级,False
6645,220302,铁西区,False
6647,220303,铁东区,False
6649,220322,梨树县,False
6651,220323,伊通满族自治县,False
6653,220381,公主岭市,False
6655,220382,双辽市,False
6622,220200,吉林市本级,False
6624,220202,昌邑区,False
6626,220203,龙潭区,False
6628,220204,船营区,False
6630,220211,丰满区,False
6632,220221,永吉县,False
6634,220281,蛟河市,False
6636,220282,桦甸市,False
6638,220283,舒兰市,False
6640,220284,磐石市,False
6658,220400,辽源市本级,False
6660,220402,龙山区,False
6662,220403,西安区,False
6664,220421,东丰县,False
6666,220422,东辽县,False
6599,220100,长春市本级,False
6601,220102,南关区,False
6603,220103,宽城区,False
6605,220104,朝阳区,False
6607,220105,二道区,False
6609,220106,绿园区,False
6611,220112,双阳区,False
6613,220122,农安县,False
6615,220181,九台市,False
6617,220182,榆树市,False
6619,220183,德惠市,False
